incident_id,opened_date,priority,service,category,summary,description,root_cause,resolution,status,assignment_group
INC100001,25-01-2025,P4,Customer API,Application,Customer API issue reported by users,Multiple users reported issues related to customer api affecting normal operations.,Connection pool exhaustion,Increased pool size and optimized queries,Resolved,App Support
INC100002,25-03-2024,P1,VPN Gateway,Network,VPN Gateway issue reported by users,Multiple users reported issues related to vpn gateway affecting normal operations.,Expired VPN certificate,Renewed certificate and restarted gateway,Resolved,Network Ops
INC100003,07-10-2024,P3,Email Service,Application,Email Service issue reported by users,Multiple users reported issues related to email service affecting normal operations.,SMTP relay memory leak,Restarted SMTP service and applied memory patch,Resolved,Messaging Team
INC100004,05-01-2025,P3,Database Cluster,Database,Database Cluster issue reported by users,Multiple users reported issues related to database cluster affecting normal operations.,Primary node failover issue,Triggered manual failover and stabilized cluster,Closed,DBA Team
INC100005,26-05-2024,P3,Batch Processing,Application,Batch Processing issue reported by users,Multiple users reported issues related to batch processing affecting normal operations.,Job scheduler crash,Restarted scheduler and re-ran failed jobs,Resolved,Batch Ops
INC100006,18-06-2024,P4,Email Service,Application,Email Service issue reported by users,Multiple users reported issues related to email service affecting normal operations.,SMTP relay memory leak,Restarted SMTP service and applied memory patch,Resolved,Messaging Team
INC100007,10-02-2024,P3,Kubernetes Platform,Infra,Kubernetes Platform issue reported by users,Multiple users reported issues related to kubernetes platform affecting normal operations.,Pod memory limit breach,Increased memory limits and redeployed pods,Resolved,Cloud Ops
INC100008,16-09-2024,P1,VPN Gateway,Network,VPN Gateway issue reported by users,Multiple users reported issues related to vpn gateway affecting normal operations.,Expired VPN certificate,Renewed certificate and restarted gateway,Closed,Network Ops
INC100009,16-01-2025,P3,Monitoring Tool,Infra,Monitoring Tool issue reported by users,Multiple users reported issues related to monitoring tool affecting normal operations.,Incorrect alert threshold,Updated threshold configuration,Closed,Infra Monitoring
INC100010,31-10-2024,P1,Email Service,Application,Email Service issue reported by users,Multiple users reported issues related to email service affecting normal operations.,SMTP relay memory leak,Restarted SMTP service and applied memory patch,Closed,Messaging Team
INC100011,12-01-2024,P4,Batch Processing,Application,Batch Processing issue reported by users,Multiple users reported issues related to batch processing affecting normal operations.,Job scheduler crash,Restarted scheduler and re-ran failed jobs,Resolved,Batch Ops
INC100012,03-04-2024,P1,Kubernetes Platform,Infra,Kubernetes Platform issue reported by users,Multiple users reported issues related to kubernetes platform affecting normal operations.,Pod memory limit breach,Increased memory limits and redeployed pods,Resolved,Cloud Ops
INC100013,20-10-2024,P1,Monitoring Tool,Infra,Monitoring Tool issue reported by users,Multiple users reported issues related to monitoring tool affecting normal operations.,Incorrect alert threshold,Updated threshold configuration,Resolved,Infra Monitoring
INC100014,05-03-2024,P4,Customer API,Application,Customer API issue reported by users,Multiple users reported issues related to customer api affecting normal operations.,Connection pool exhaustion,Increased pool size and optimized queries,Resolved,App Support
INC100015,11-10-2024,P4,Monitoring Tool,Infra,Monitoring Tool issue reported by users,Multiple users reported issues related to monitoring tool affecting normal operations.,Incorrect alert threshold,Updated threshold configuration,Resolved,Infra Monitoring
INC100016,06-02-2024,P1,Authentication Service,Security,Authentication Service issue reported by users,Multiple users reported issues related to authentication service affecting normal operations.,Token service timeout,Restarted auth service and fixed timeout config,Resolved,IAM Team
INC100017,22-08-2024,P3,Monitoring Tool,Infra,Monitoring Tool issue reported by users,Multiple users reported issues related to monitoring tool affecting normal operations.,Incorrect alert threshold,Updated threshold configuration,Resolved,Infra Monitoring
INC100018,08-03-2024,P4,VPN Gateway,Network,VPN Gateway issue reported by users,Multiple users reported issues related to vpn gateway affecting normal operations.,Expired VPN certificate,Renewed certificate and restarted gateway,Resolved,Network Ops
INC100019,22-01-2025,P1,Authentication Service,Security,Authentication Service issue reported by users,Multiple users reported issues related to authentication service affecting normal operations.,Token service timeout,Restarted auth service and fixed timeout config,Closed,IAM Team
INC100020,18-06-2024,P2,Customer API,Application,Customer API issue reported by users,Multiple users reported issues related to customer api affecting normal operations.,Connection pool exhaustion,Increased pool size and optimized queries,Closed,App Support
INC100021,27-08-2024,P3,Database Cluster,Database,Database Cluster issue reported by users,Multiple users reported issues related to database cluster affecting normal operations.,Primary node failover issue,Triggered manual failover and stabilized cluster,Resolved,DBA Team
INC100022,19-11-2024,P4,Database Cluster,Database,Database Cluster issue reported by users,Multiple users reported issues related to database cluster affecting normal operations.,Primary node failover issue,Triggered manual failover and stabilized cluster,Closed,DBA Team
INC100023,15-08-2024,P2,Kubernetes Platform,Infra,Kubernetes Platform issue reported by users,Multiple users reported issues related to kubernetes platform affecting normal operations.,Pod memory limit breach,Increased memory limits and redeployed pods,Closed,Cloud Ops
INC100024,15-01-2025,P3,Kubernetes Platform,Infra,Kubernetes Platform issue reported by users,Multiple users reported issues related to kubernetes platform affecting normal operations.,Pod memory limit breach,Increased memory limits and redeployed pods,Resolved,Cloud Ops
INC100025,22-07-2024,P4,Kubernetes Platform,Infra,Kubernetes Platform issue reported by users,Multiple users reported issues related to kubernetes platform affecting normal operations.,Pod memory limit breach,Increased memory limits and redeployed pods,Resolved,Cloud Ops
INC100026,04-06-2024,P4,Email Service,Application,Email Service issue reported by users,Multiple users reported issues related to email service affecting normal operations.,SMTP relay memory leak,Restarted SMTP service and applied memory patch,Closed,Messaging Team
INC100027,17-10-2024,P1,Batch Processing,Application,Batch Processing issue reported by users,Multiple users reported issues related to batch processing affecting normal operations.,Job scheduler crash,Restarted scheduler and re-ran failed jobs,Closed,Batch Ops
INC100028,09-02-2024,P4,VPN Gateway,Network,VPN Gateway issue reported by users,Multiple users reported issues related to vpn gateway affecting normal operations.,Expired VPN certificate,Renewed certificate and restarted gateway,Resolved,Network Ops
INC100029,11-01-2024,P3,Email Service,Application,Email Service issue reported by users,Multiple users reported issues related to email service affecting normal operations.,SMTP relay memory leak,Restarted SMTP service and applied memory patch,Resolved,Messaging Team
INC100030,15-11-2024,P1,Batch Processing,Application,Batch Processing issue reported by users,Multiple users reported issues related to batch processing affecting normal operations.,Job scheduler crash,Restarted scheduler and re-ran failed jobs,Closed,Batch Ops
INC100031,13-04-2024,P2,Batch Processing,Application,Batch Processing issue reported by users,Multiple users reported issues related to batch processing affecting normal operations.,Job scheduler crash,Restarted scheduler and re-ran failed jobs,Closed,Batch Ops
INC100032,17-03-2024,P3,Batch Processing,Application,Batch Processing issue reported by users,Multiple users reported issues related to batch processing affecting normal operations.,Job scheduler crash,Restarted scheduler and re-ran failed jobs,Closed,Batch Ops
INC100033,28-09-2024,P2,Database Cluster,Database,Database Cluster issue reported by users,Multiple users reported issues related to database cluster affecting normal operations.,Primary node failover issue,Triggered manual failover and stabilized cluster,Resolved,DBA Team
INC100034,03-04-2024,P4,Database Cluster,Database,Database Cluster issue reported by users,Multiple users reported issues related to database cluster affecting normal operations.,Primary node failover issue,Triggered manual failover and stabilized cluster,Resolved,DBA Team
INC100035,22-06-2024,P2,VPN Gateway,Network,VPN Gateway issue reported by users,Multiple users reported issues related to vpn gateway affecting normal operations.,Expired VPN certificate,Renewed certificate and restarted gateway,Closed,Network Ops
INC100036,09-12-2024,P2,Authentication Service,Security,Authentication Service issue reported by users,Multiple users reported issues related to authentication service affecting normal operations.,Token service timeout,Restarted auth service and fixed timeout config,Resolved,IAM Team
INC100037,17-03-2024,P3,Email Service,Application,Email Service issue reported by users,Multiple users reported issues related to email service affecting normal operations.,SMTP relay memory leak,Restarted SMTP service and applied memory patch,Closed,Messaging Team
INC100038,15-02-2024,P2,Database Cluster,Database,Database Cluster issue reported by users,Multiple users reported issues related to database cluster affecting normal operations.,Primary node failover issue,Triggered manual failover and stabilized cluster,Resolved,DBA Team
INC100039,07-09-2024,P1,Monitoring Tool,Infra,Monitoring Tool issue reported by users,Multiple users reported issues related to monitoring tool affecting normal operations.,Incorrect alert threshold,Updated threshold configuration,Resolved,Infra Monitoring
INC100040,07-03-2024,P3,Batch Processing,Application,Batch Processing issue reported by users,Multiple users reported issues related to batch processing affecting normal operations.,Job scheduler crash,Restarted scheduler and re-ran failed jobs,Closed,Batch Ops
INC100041,10-10-2024,P2,Kubernetes Platform,Infra,Kubernetes Platform issue reported by users,Multiple users reported issues related to kubernetes platform affecting normal operations.,Pod memory limit breach,Increased memory limits and redeployed pods,Closed,Cloud Ops
INC100042,11-05-2024,P2,VPN Gateway,Network,VPN Gateway issue reported by users,Multiple users reported issues related to vpn gateway affecting normal operations.,Expired VPN certificate,Renewed certificate and restarted gateway,Closed,Network Ops
INC100043,20-01-2024,P1,Customer API,Application,Customer API issue reported by users,Multiple users reported issues related to customer api affecting normal operations.,Connection pool exhaustion,Increased pool size and optimized queries,Resolved,App Support
INC100044,08-04-2024,P1,Authentication Service,Security,Authentication Service issue reported by users,Multiple users reported issues related to authentication service affecting normal operations.,Token service timeout,Restarted auth service and fixed timeout config,Resolved,IAM Team
INC100045,07-02-2024,P1,Email Service,Application,Email Service issue reported by users,Multiple users reported issues related to email service affecting normal operations.,SMTP relay memory leak,Restarted SMTP service and applied memory patch,Resolved,Messaging Team
INC100046,26-10-2024,P1,Authentication Service,Security,Authentication Service issue reported by users,Multiple users reported issues related to authentication service affecting normal operations.,Token service timeout,Restarted auth service and fixed timeout config,Resolved,IAM Team
INC100047,04-11-2024,P1,Customer API,Application,Customer API issue reported by users,Multiple users reported issues related to customer api affecting normal operations.,Connection pool exhaustion,Increased pool size and optimized queries,Closed,App Support
INC100048,28-01-2025,P3,VPN Gateway,Network,VPN Gateway issue reported by users,Multiple users reported issues related to vpn gateway affecting normal operations.,Expired VPN certificate,Renewed certificate and restarted gateway,Resolved,Network Ops
INC100049,14-12-2024,P4,Batch Processing,Application,Batch Processing issue reported by users,Multiple users reported issues related to batch processing affecting normal operations.,Job scheduler crash,Restarted scheduler and re-ran failed jobs,Closed,Batch Ops
INC100050,03-11-2024,P3,Monitoring Tool,Infra,Monitoring Tool issue reported by users,Multiple users reported issues related to monitoring tool affecting normal operations.,Incorrect alert threshold,Updated threshold configuration,Closed,Infra Monitoring
INC100051,07-11-2024,P4,Email Service,Application,Email Service issue reported by users,Multiple users reported issues related to email service affecting normal operations.,SMTP relay memory leak,Restarted SMTP service and applied memory patch,Closed,Messaging Team
INC100052,19-04-2024,P1,Authentication Service,Security,Authentication Service issue reported by users,Multiple users reported issues related to authentication service affecting normal operations.,Token service timeout,Restarted auth service and fixed timeout config,Closed,IAM Team
INC100053,19-12-2024,P4,Authentication Service,Security,Authentication Service issue reported by users,Multiple users reported issues related to authentication service affecting normal operations.,Token service timeout,Restarted auth service and fixed timeout config,Resolved,IAM Team
INC100054,25-07-2024,P3,Database Cluster,Database,Database Cluster issue reported by users,Multiple users reported issues related to database cluster affecting normal operations.,Primary node failover issue,Triggered manual failover and stabilized cluster,Resolved,DBA Team
INC100055,26-01-2024,P1,Customer API,Application,Customer API issue reported by users,Multiple users reported issues related to customer api affecting normal operations.,Connection pool exhaustion,Increased pool size and optimized queries,Closed,App Support
INC100056,29-09-2024,P4,Email Service,Application,Email Service issue reported by users,Multiple users reported issues related to email service affecting normal operations.,SMTP relay memory leak,Restarted SMTP service and applied memory patch,Closed,Messaging Team
INC100057,01-01-2024,P3,VPN Gateway,Network,VPN Gateway issue reported by users,Multiple users reported issues related to vpn gateway affecting normal operations.,Expired VPN certificate,Renewed certificate and restarted gateway,Closed,Network Ops
INC100058,03-10-2024,P1,Authentication Service,Security,Authentication Service issue reported by users,Multiple users reported issues related to authentication service affecting normal operations.,Token service timeout,Restarted auth service and fixed timeout config,Closed,IAM Team
INC100059,07-05-2024,P1,Monitoring Tool,Infra,Monitoring Tool issue reported by users,Multiple users reported issues related to monitoring tool affecting normal operations.,Incorrect alert threshold,Updated threshold configuration,Resolved,Infra Monitoring
INC100060,25-11-2024,P4,VPN Gateway,Network,VPN Gateway issue reported by users,Multiple users reported issues related to vpn gateway affecting normal operations.,Expired VPN certificate,Renewed certificate and restarted gateway,Resolved,Network Ops
INC100061,26-08-2024,P3,VPN Gateway,Network,VPN Gateway issue reported by users,Multiple users reported issues related to vpn gateway affecting normal operations.,Expired VPN certificate,Renewed certificate and restarted gateway,Closed,Network Ops
INC100062,08-04-2024,P1,Batch Processing,Application,Batch Processing issue reported by users,Multiple users reported issues related to batch processing affecting normal operations.,Job scheduler crash,Restarted scheduler and re-ran failed jobs,Closed,Batch Ops
INC100063,22-01-2024,P2,Monitoring Tool,Infra,Monitoring Tool issue reported by users,Multiple users reported issues related to monitoring tool affecting normal operations.,Incorrect alert threshold,Updated threshold configuration,Closed,Infra Monitoring
INC100064,04-02-2025,P2,VPN Gateway,Network,VPN Gateway issue reported by users,Multiple users reported issues related to vpn gateway affecting normal operations.,Expired VPN certificate,Renewed certificate and restarted gateway,Resolved,Network Ops
INC100065,06-07-2024,P1,Batch Processing,Application,Batch Processing issue reported by users,Multiple users reported issues related to batch processing affecting normal operations.,Job scheduler crash,Restarted scheduler and re-ran failed jobs,Closed,Batch Ops
INC100066,20-01-2025,P2,Database Cluster,Database,Database Cluster issue reported by users,Multiple users reported issues related to database cluster affecting normal operations.,Primary node failover issue,Triggered manual failover and stabilized cluster,Resolved,DBA Team
INC100067,03-02-2025,P2,Email Service,Application,Email Service issue reported by users,Multiple users reported issues related to email service affecting normal operations.,SMTP relay memory leak,Restarted SMTP service and applied memory patch,Closed,Messaging Team
INC100068,29-08-2024,P4,Authentication Service,Security,Authentication Service issue reported by users,Multiple users reported issues related to authentication service affecting normal operations.,Token service timeout,Restarted auth service and fixed timeout config,Closed,IAM Team
INC100069,03-06-2024,P4,Customer API,Application,Customer API issue reported by users,Multiple users reported issues related to customer api affecting normal operations.,Connection pool exhaustion,Increased pool size and optimized queries,Resolved,App Support
INC100070,25-09-2024,P3,Monitoring Tool,Infra,Monitoring Tool issue reported by users,Multiple users reported issues related to monitoring tool affecting normal operations.,Incorrect alert threshold,Updated threshold configuration,Resolved,Infra Monitoring
INC100071,08-03-2024,P3,Database Cluster,Database,Database Cluster issue reported by users,Multiple users reported issues related to database cluster affecting normal operations.,Primary node failover issue,Triggered manual failover and stabilized cluster,Closed,DBA Team
INC100072,09-04-2024,P3,VPN Gateway,Network,VPN Gateway issue reported by users,Multiple users reported issues related to vpn gateway affecting normal operations.,Expired VPN certificate,Renewed certificate and restarted gateway,Closed,Network Ops
INC100073,10-11-2024,P1,VPN Gateway,Network,VPN Gateway issue reported by users,Multiple users reported issues related to vpn gateway affecting normal operations.,Expired VPN certificate,Renewed certificate and restarted gateway,Closed,Network Ops
INC100074,16-10-2024,P2,Batch Processing,Application,Batch Processing issue reported by users,Multiple users reported issues related to batch processing affecting normal operations.,Job scheduler crash,Restarted scheduler and re-ran failed jobs,Closed,Batch Ops
INC100075,14-01-2024,P1,Kubernetes Platform,Infra,Kubernetes Platform issue reported by users,Multiple users reported issues related to kubernetes platform affecting normal operations.,Pod memory limit breach,Increased memory limits and redeployed pods,Resolved,Cloud Ops
INC100076,14-01-2025,P3,Monitoring Tool,Infra,Monitoring Tool issue reported by users,Multiple users reported issues related to monitoring tool affecting normal operations.,Incorrect alert threshold,Updated threshold configuration,Closed,Infra Monitoring
INC100077,18-11-2024,P3,Customer API,Application,Customer API issue reported by users,Multiple users reported issues related to customer api affecting normal operations.,Connection pool exhaustion,Increased pool size and optimized queries,Closed,App Support
INC100078,05-09-2024,P2,Monitoring Tool,Infra,Monitoring Tool issue reported by users,Multiple users reported issues related to monitoring tool affecting normal operations.,Incorrect alert threshold,Updated threshold configuration,Resolved,Infra Monitoring
INC100079,12-08-2024,P2,Authentication Service,Security,Authentication Service issue reported by users,Multiple users reported issues related to authentication service affecting normal operations.,Token service timeout,Restarted auth service and fixed timeout config,Closed,IAM Team
INC100080,18-10-2024,P2,VPN Gateway,Network,VPN Gateway issue reported by users,Multiple users reported issues related to vpn gateway affecting normal operations.,Expired VPN certificate,Renewed certificate and restarted gateway,Closed,Network Ops
INC100081,13-08-2024,P4,Kubernetes Platform,Infra,Kubernetes Platform issue reported by users,Multiple users reported issues related to kubernetes platform affecting normal operations.,Pod memory limit breach,Increased memory limits and redeployed pods,Closed,Cloud Ops
INC100082,18-03-2024,P4,Email Service,Application,Email Service issue reported by users,Multiple users reported issues related to email service affecting normal operations.,SMTP relay memory leak,Restarted SMTP service and applied memory patch,Closed,Messaging Team
INC100083,04-09-2024,P1,Database Cluster,Database,Database Cluster issue reported by users,Multiple users reported issues related to database cluster affecting normal operations.,Primary node failover issue,Triggered manual failover and stabilized cluster,Closed,DBA Team
INC100084,26-02-2024,P2,Kubernetes Platform,Infra,Kubernetes Platform issue reported by users,Multiple users reported issues related to kubernetes platform affecting normal operations.,Pod memory limit breach,Increased memory limits and redeployed pods,Closed,Cloud Ops
INC100085,10-06-2024,P2,Batch Processing,Application,Batch Processing issue reported by users,Multiple users reported issues related to batch processing affecting normal operations.,Job scheduler crash,Restarted scheduler and re-ran failed jobs,Closed,Batch Ops
INC100086,27-04-2024,P2,Database Cluster,Database,Database Cluster issue reported by users,Multiple users reported issues related to database cluster affecting normal operations.,Primary node failover issue,Triggered manual failover and stabilized cluster,Resolved,DBA Team
INC100087,21-01-2024,P1,Batch Processing,Application,Batch Processing issue reported by users,Multiple users reported issues related to batch processing affecting normal operations.,Job scheduler crash,Restarted scheduler and re-ran failed jobs,Closed,Batch Ops
INC100088,19-04-2024,P1,VPN Gateway,Network,VPN Gateway issue reported by users,Multiple users reported issues related to vpn gateway affecting normal operations.,Expired VPN certificate,Renewed certificate and restarted gateway,Closed,Network Ops
INC100089,12-02-2024,P4,Customer API,Application,Customer API issue reported by users,Multiple users reported issues related to customer api affecting normal operations.,Connection pool exhaustion,Increased pool size and optimized queries,Closed,App Support
INC100090,22-01-2025,P4,Authentication Service,Security,Authentication Service issue reported by users,Multiple users reported issues related to authentication service affecting normal operations.,Token service timeout,Restarted auth service and fixed timeout config,Resolved,IAM Team
INC100091,03-08-2024,P1,VPN Gateway,Network,VPN Gateway issue reported by users,Multiple users reported issues related to vpn gateway affecting normal operations.,Expired VPN certificate,Renewed certificate and restarted gateway,Resolved,Network Ops
INC100092,07-02-2024,P3,VPN Gateway,Network,VPN Gateway issue reported by users,Multiple users reported issues related to vpn gateway affecting normal operations.,Expired VPN certificate,Renewed certificate and restarted gateway,Resolved,Network Ops
INC100093,26-08-2024,P3,Customer API,Application,Customer API issue reported by users,Multiple users reported issues related to customer api affecting normal operations.,Connection pool exhaustion,Increased pool size and optimized queries,Closed,App Support
INC100094,07-08-2024,P1,Monitoring Tool,Infra,Monitoring Tool issue reported by users,Multiple users reported issues related to monitoring tool affecting normal operations.,Incorrect alert threshold,Updated threshold configuration,Closed,Infra Monitoring
INC100095,08-03-2024,P1,Batch Processing,Application,Batch Processing issue reported by users,Multiple users reported issues related to batch processing affecting normal operations.,Job scheduler crash,Restarted scheduler and re-ran failed jobs,Resolved,Batch Ops
INC100096,16-01-2024,P1,Email Service,Application,Email Service issue reported by users,Multiple users reported issues related to email service affecting normal operations.,SMTP relay memory leak,Restarted SMTP service and applied memory patch,Closed,Messaging Team
INC100097,02-06-2024,P1,Database Cluster,Database,Database Cluster issue reported by users,Multiple users reported issues related to database cluster affecting normal operations.,Primary node failover issue,Triggered manual failover and stabilized cluster,Resolved,DBA Team
INC100098,11-12-2024,P1,Database Cluster,Database,Database Cluster issue reported by users,Multiple users reported issues related to database cluster affecting normal operations.,Primary node failover issue,Triggered manual failover and stabilized cluster,Resolved,DBA Team
INC100099,16-05-2024,P2,Kubernetes Platform,Infra,Kubernetes Platform issue reported by users,Multiple users reported issues related to kubernetes platform affecting normal operations.,Pod memory limit breach,Increased memory limits and redeployed pods,Resolved,Cloud Ops
INC100100,15-08-2024,P1,Email Service,Application,Email Service issue reported by users,Multiple users reported issues related to email service affecting normal operations.,SMTP relay memory leak,Restarted SMTP service and applied memory patch,Closed,Messaging Team
INC100101,13-10-2024,P4,Email Service,Application,Email Service issue reported by users,Multiple users reported issues related to email service affecting normal operations.,SMTP relay memory leak,Restarted SMTP service and applied memory patch,Resolved,Messaging Team
INC100102,10-11-2024,P1,Database Cluster,Database,Database Cluster issue reported by users,Multiple users reported issues related to database cluster affecting normal operations.,Primary node failover issue,Triggered manual failover and stabilized cluster,Closed,DBA Team
INC100103,08-01-2024,P1,Kubernetes Platform,Infra,Kubernetes Platform issue reported by users,Multiple users reported issues related to kubernetes platform affecting normal operations.,Pod memory limit breach,Increased memory limits and redeployed pods,Closed,Cloud Ops
INC100104,18-08-2024,P4,Email Service,Application,Email Service issue reported by users,Multiple users reported issues related to email service affecting normal operations.,SMTP relay memory leak,Restarted SMTP service and applied memory patch,Closed,Messaging Team
INC100105,04-02-2024,P1,VPN Gateway,Network,VPN Gateway issue reported by users,Multiple users reported issues related to vpn gateway affecting normal operations.,Expired VPN certificate,Renewed certificate and restarted gateway,Resolved,Network Ops
INC100106,27-01-2025,P1,Database Cluster,Database,Database Cluster issue reported by users,Multiple users reported issues related to database cluster affecting normal operations.,Primary node failover issue,Triggered manual failover and stabilized cluster,Resolved,DBA Team
INC100107,18-04-2024,P1,Database Cluster,Database,Database Cluster issue reported by users,Multiple users reported issues related to database cluster affecting normal operations.,Primary node failover issue,Triggered manual failover and stabilized cluster,Closed,DBA Team
INC100108,04-08-2024,P1,VPN Gateway,Network,VPN Gateway issue reported by users,Multiple users reported issues related to vpn gateway affecting normal operations.,Expired VPN certificate,Renewed certificate and restarted gateway,Closed,Network Ops
INC100109,08-07-2024,P3,Database Cluster,Database,Database Cluster issue reported by users,Multiple users reported issues related to database cluster affecting normal operations.,Primary node failover issue,Triggered manual failover and stabilized cluster,Resolved,DBA Team
INC100110,13-12-2024,P3,Authentication Service,Security,Authentication Service issue reported by users,Multiple users reported issues related to authentication service affecting normal operations.,Token service timeout,Restarted auth service and fixed timeout config,Closed,IAM Team
INC100111,31-05-2024,P2,Email Service,Application,Email Service issue reported by users,Multiple users reported issues related to email service affecting normal operations.,SMTP relay memory leak,Restarted SMTP service and applied memory patch,Resolved,Messaging Team
INC100112,02-08-2024,P4,VPN Gateway,Network,VPN Gateway issue reported by users,Multiple users reported issues related to vpn gateway affecting normal operations.,Expired VPN certificate,Renewed certificate and restarted gateway,Closed,Network Ops
INC100113,27-03-2024,P2,Monitoring Tool,Infra,Monitoring Tool issue reported by users,Multiple users reported issues related to monitoring tool affecting normal operations.,Incorrect alert threshold,Updated threshold configuration,Resolved,Infra Monitoring
INC100114,17-09-2024,P1,Authentication Service,Security,Authentication Service issue reported by users,Multiple users reported issues related to authentication service affecting normal operations.,Token service timeout,Restarted auth service and fixed timeout config,Resolved,IAM Team
INC100115,04-05-2024,P3,Customer API,Application,Customer API issue reported by users,Multiple users reported issues related to customer api affecting normal operations.,Connection pool exhaustion,Increased pool size and optimized queries,Closed,App Support
INC100116,21-10-2024,P2,Monitoring Tool,Infra,Monitoring Tool issue reported by users,Multiple users reported issues related to monitoring tool affecting normal operations.,Incorrect alert threshold,Updated threshold configuration,Closed,Infra Monitoring
INC100117,09-12-2024,P3,Batch Processing,Application,Batch Processing issue reported by users,Multiple users reported issues related to batch processing affecting normal operations.,Job scheduler crash,Restarted scheduler and re-ran failed jobs,Resolved,Batch Ops
INC100118,05-11-2024,P4,VPN Gateway,Network,VPN Gateway issue reported by users,Multiple users reported issues related to vpn gateway affecting normal operations.,Expired VPN certificate,Renewed certificate and restarted gateway,Closed,Network Ops
INC100119,05-08-2024,P1,Email Service,Application,Email Service issue reported by users,Multiple users reported issues related to email service affecting normal operations.,SMTP relay memory leak,Restarted SMTP service and applied memory patch,Closed,Messaging Team
INC100120,26-10-2024,P1,Email Service,Application,Email Service issue reported by users,Multiple users reported issues related to email service affecting normal operations.,SMTP relay memory leak,Restarted SMTP service and applied memory patch,Resolved,Messaging Team
INC100121,18-09-2024,P3,VPN Gateway,Network,VPN Gateway issue reported by users,Multiple users reported issues related to vpn gateway affecting normal operations.,Expired VPN certificate,Renewed certificate and restarted gateway,Closed,Network Ops
INC100122,12-10-2024,P4,Monitoring Tool,Infra,Monitoring Tool issue reported by users,Multiple users reported issues related to monitoring tool affecting normal operations.,Incorrect alert threshold,Updated threshold configuration,Resolved,Infra Monitoring
INC100123,05-05-2024,P2,Database Cluster,Database,Database Cluster issue reported by users,Multiple users reported issues related to database cluster affecting normal operations.,Primary node failover issue,Triggered manual failover and stabilized cluster,Closed,DBA Team
INC100124,02-01-2024,P1,Email Service,Application,Email Service issue reported by users,Multiple users reported issues related to email service affecting normal operations.,SMTP relay memory leak,Restarted SMTP service and applied memory patch,Resolved,Messaging Team
INC100125,14-07-2024,P3,Authentication Service,Security,Authentication Service issue reported by users,Multiple users reported issues related to authentication service affecting normal operations.,Token service timeout,Restarted auth service and fixed timeout config,Resolved,IAM Team
INC100126,25-08-2024,P1,Batch Processing,Application,Batch Processing issue reported by users,Multiple users reported issues related to batch processing affecting normal operations.,Job scheduler crash,Restarted scheduler and re-ran failed jobs,Resolved,Batch Ops
INC100127,01-03-2024,P3,VPN Gateway,Network,VPN Gateway issue reported by users,Multiple users reported issues related to vpn gateway affecting normal operations.,Expired VPN certificate,Renewed certificate and restarted gateway,Resolved,Network Ops
INC100128,09-09-2024,P1,Kubernetes Platform,Infra,Kubernetes Platform issue reported by users,Multiple users reported issues related to kubernetes platform affecting normal operations.,Pod memory limit breach,Increased memory limits and redeployed pods,Closed,Cloud Ops
INC100129,14-05-2024,P1,Monitoring Tool,Infra,Monitoring Tool issue reported by users,Multiple users reported issues related to monitoring tool affecting normal operations.,Incorrect alert threshold,Updated threshold configuration,Resolved,Infra Monitoring
INC100130,04-06-2024,P4,Batch Processing,Application,Batch Processing issue reported by users,Multiple users reported issues related to batch processing affecting normal operations.,Job scheduler crash,Restarted scheduler and re-ran failed jobs,Closed,Batch Ops
INC100131,02-01-2025,P1,Customer API,Application,Customer API issue reported by users,Multiple users reported issues related to customer api affecting normal operations.,Connection pool exhaustion,Increased pool size and optimized queries,Resolved,App Support
INC100132,14-01-2025,P3,Authentication Service,Security,Authentication Service issue reported by users,Multiple users reported issues related to authentication service affecting normal operations.,Token service timeout,Restarted auth service and fixed timeout config,Closed,IAM Team
INC100133,07-05-2024,P3,Database Cluster,Database,Database Cluster issue reported by users,Multiple users reported issues related to database cluster affecting normal operations.,Primary node failover issue,Triggered manual failover and stabilized cluster,Closed,DBA Team
INC100134,08-08-2024,P2,Authentication Service,Security,Authentication Service issue reported by users,Multiple users reported issues related to authentication service affecting normal operations.,Token service timeout,Restarted auth service and fixed timeout config,Resolved,IAM Team
INC100135,11-06-2024,P3,Batch Processing,Application,Batch Processing issue reported by users,Multiple users reported issues related to batch processing affecting normal operations.,Job scheduler crash,Restarted scheduler and re-ran failed jobs,Closed,Batch Ops
INC100136,07-07-2024,P2,Authentication Service,Security,Authentication Service issue reported by users,Multiple users reported issues related to authentication service affecting normal operations.,Token service timeout,Restarted auth service and fixed timeout config,Closed,IAM Team
INC100137,02-10-2024,P1,Email Service,Application,Email Service issue reported by users,Multiple users reported issues related to email service affecting normal operations.,SMTP relay memory leak,Restarted SMTP service and applied memory patch,Closed,Messaging Team
INC100138,19-02-2024,P2,Customer API,Application,Customer API issue reported by users,Multiple users reported issues related to customer api affecting normal operations.,Connection pool exhaustion,Increased pool size and optimized queries,Resolved,App Support
INC100139,24-01-2025,P4,VPN Gateway,Network,VPN Gateway issue reported by users,Multiple users reported issues related to vpn gateway affecting normal operations.,Expired VPN certificate,Renewed certificate and restarted gateway,Resolved,Network Ops
INC100140,05-03-2024,P3,Kubernetes Platform,Infra,Kubernetes Platform issue reported by users,Multiple users reported issues related to kubernetes platform affecting normal operations.,Pod memory limit breach,Increased memory limits and redeployed pods,Resolved,Cloud Ops
INC100141,21-12-2024,P2,Kubernetes Platform,Infra,Kubernetes Platform issue reported by users,Multiple users reported issues related to kubernetes platform affecting normal operations.,Pod memory limit breach,Increased memory limits and redeployed pods,Closed,Cloud Ops
INC100142,18-09-2024,P4,Customer API,Application,Customer API issue reported by users,Multiple users reported issues related to customer api affecting normal operations.,Connection pool exhaustion,Increased pool size and optimized queries,Closed,App Support
INC100143,18-12-2024,P1,VPN Gateway,Network,VPN Gateway issue reported by users,Multiple users reported issues related to vpn gateway affecting normal operations.,Expired VPN certificate,Renewed certificate and restarted gateway,Closed,Network Ops
INC100144,07-04-2024,P3,Monitoring Tool,Infra,Monitoring Tool issue reported by users,Multiple users reported issues related to monitoring tool affecting normal operations.,Incorrect alert threshold,Updated threshold configuration,Closed,Infra Monitoring
INC100145,03-12-2024,P3,Kubernetes Platform,Infra,Kubernetes Platform issue reported by users,Multiple users reported issues related to kubernetes platform affecting normal operations.,Pod memory limit breach,Increased memory limits and redeployed pods,Resolved,Cloud Ops
INC100146,30-10-2024,P2,Email Service,Application,Email Service issue reported by users,Multiple users reported issues related to email service affecting normal operations.,SMTP relay memory leak,Restarted SMTP service and applied memory patch,Closed,Messaging Team
INC100147,11-08-2024,P3,Database Cluster,Database,Database Cluster issue reported by users,Multiple users reported issues related to database cluster affecting normal operations.,Primary node failover issue,Triggered manual failover and stabilized cluster,Closed,DBA Team
INC100148,16-09-2024,P2,Batch Processing,Application,Batch Processing issue reported by users,Multiple users reported issues related to batch processing affecting normal operations.,Job scheduler crash,Restarted scheduler and re-ran failed jobs,Closed,Batch Ops
INC100149,09-12-2024,P3,VPN Gateway,Network,VPN Gateway issue reported by users,Multiple users reported issues related to vpn gateway affecting normal operations.,Expired VPN certificate,Renewed certificate and restarted gateway,Closed,Network Ops
INC100150,10-05-2024,P1,Authentication Service,Security,Authentication Service issue reported by users,Multiple users reported issues related to authentication service affecting normal operations.,Token service timeout,Restarted auth service and fixed timeout config,Closed,IAM Team
INC100151,16-08-2024,P3,Database Cluster,Database,Database Cluster issue reported by users,Multiple users reported issues related to database cluster affecting normal operations.,Primary node failover issue,Triggered manual failover and stabilized cluster,Closed,DBA Team
INC100152,10-07-2024,P2,Batch Processing,Application,Batch Processing issue reported by users,Multiple users reported issues related to batch processing affecting normal operations.,Job scheduler crash,Restarted scheduler and re-ran failed jobs,Resolved,Batch Ops
INC100153,17-06-2024,P1,Authentication Service,Security,Authentication Service issue reported by users,Multiple users reported issues related to authentication service affecting normal operations.,Token service timeout,Restarted auth service and fixed timeout config,Closed,IAM Team
INC100154,09-01-2024,P2,Batch Processing,Application,Batch Processing issue reported by users,Multiple users reported issues related to batch processing affecting normal operations.,Job scheduler crash,Restarted scheduler and re-ran failed jobs,Resolved,Batch Ops
INC100155,30-03-2024,P4,Database Cluster,Database,Database Cluster issue reported by users,Multiple users reported issues related to database cluster affecting normal operations.,Primary node failover issue,Triggered manual failover and stabilized cluster,Closed,DBA Team
INC100156,15-07-2024,P1,Kubernetes Platform,Infra,Kubernetes Platform issue reported by users,Multiple users reported issues related to kubernetes platform affecting normal operations.,Pod memory limit breach,Increased memory limits and redeployed pods,Resolved,Cloud Ops
INC100157,29-06-2024,P3,Customer API,Application,Customer API issue reported by users,Multiple users reported issues related to customer api affecting normal operations.,Connection pool exhaustion,Increased pool size and optimized queries,Closed,App Support
INC100158,11-04-2024,P4,VPN Gateway,Network,VPN Gateway issue reported by users,Multiple users reported issues related to vpn gateway affecting normal operations.,Expired VPN certificate,Renewed certificate and restarted gateway,Closed,Network Ops
INC100159,07-08-2024,P1,Batch Processing,Application,Batch Processing issue reported by users,Multiple users reported issues related to batch processing affecting normal operations.,Job scheduler crash,Restarted scheduler and re-ran failed jobs,Closed,Batch Ops
INC100160,05-08-2024,P4,Batch Processing,Application,Batch Processing issue reported by users,Multiple users reported issues related to batch processing affecting normal operations.,Job scheduler crash,Restarted scheduler and re-ran failed jobs,Resolved,Batch Ops
INC100161,03-12-2024,P4,Authentication Service,Security,Authentication Service issue reported by users,Multiple users reported issues related to authentication service affecting normal operations.,Token service timeout,Restarted auth service and fixed timeout config,Resolved,IAM Team
INC100162,11-09-2024,P2,Authentication Service,Security,Authentication Service issue reported by users,Multiple users reported issues related to authentication service affecting normal operations.,Token service timeout,Restarted auth service and fixed timeout config,Closed,IAM Team
INC100163,15-11-2024,P4,Monitoring Tool,Infra,Monitoring Tool issue reported by users,Multiple users reported issues related to monitoring tool affecting normal operations.,Incorrect alert threshold,Updated threshold configuration,Closed,Infra Monitoring
INC100164,17-03-2024,P1,Batch Processing,Application,Batch Processing issue reported by users,Multiple users reported issues related to batch processing affecting normal operations.,Job scheduler crash,Restarted scheduler and re-ran failed jobs,Resolved,Batch Ops
INC100165,10-02-2024,P2,Database Cluster,Database,Database Cluster issue reported by users,Multiple users reported issues related to database cluster affecting normal operations.,Primary node failover issue,Triggered manual failover and stabilized cluster,Resolved,DBA Team
INC100166,23-06-2024,P3,Authentication Service,Security,Authentication Service issue reported by users,Multiple users reported issues related to authentication service affecting normal operations.,Token service timeout,Restarted auth service and fixed timeout config,Closed,IAM Team
INC100167,07-12-2024,P4,Customer API,Application,Customer API issue reported by users,Multiple users reported issues related to customer api affecting normal operations.,Connection pool exhaustion,Increased pool size and optimized queries,Resolved,App Support
INC100168,07-06-2024,P4,Kubernetes Platform,Infra,Kubernetes Platform issue reported by users,Multiple users reported issues related to kubernetes platform affecting normal operations.,Pod memory limit breach,Increased memory limits and redeployed pods,Resolved,Cloud Ops
INC100169,20-09-2024,P2,Customer API,Application,Customer API issue reported by users,Multiple users reported issues related to customer api affecting normal operations.,Connection pool exhaustion,Increased pool size and optimized queries,Closed,App Support
INC100170,09-09-2024,P3,Batch Processing,Application,Batch Processing issue reported by users,Multiple users reported issues related to batch processing affecting normal operations.,Job scheduler crash,Restarted scheduler and re-ran failed jobs,Closed,Batch Ops
INC100171,01-03-2024,P1,Customer API,Application,Customer API issue reported by users,Multiple users reported issues related to customer api affecting normal operations.,Connection pool exhaustion,Increased pool size and optimized queries,Closed,App Support
INC100172,13-03-2024,P3,Kubernetes Platform,Infra,Kubernetes Platform issue reported by users,Multiple users reported issues related to kubernetes platform affecting normal operations.,Pod memory limit breach,Increased memory limits and redeployed pods,Resolved,Cloud Ops
INC100173,31-10-2024,P4,Monitoring Tool,Infra,Monitoring Tool issue reported by users,Multiple users reported issues related to monitoring tool affecting normal operations.,Incorrect alert threshold,Updated threshold configuration,Closed,Infra Monitoring
INC100174,17-05-2024,P3,Authentication Service,Security,Authentication Service issue reported by users,Multiple users reported issues related to authentication service affecting normal operations.,Token service timeout,Restarted auth service and fixed timeout config,Closed,IAM Team
INC100175,30-04-2024,P4,VPN Gateway,Network,VPN Gateway issue reported by users,Multiple users reported issues related to vpn gateway affecting normal operations.,Expired VPN certificate,Renewed certificate and restarted gateway,Resolved,Network Ops
INC100176,14-05-2024,P4,Monitoring Tool,Infra,Monitoring Tool issue reported by users,Multiple users reported issues related to monitoring tool affecting normal operations.,Incorrect alert threshold,Updated threshold configuration,Resolved,Infra Monitoring
INC100177,20-06-2024,P1,VPN Gateway,Network,VPN Gateway issue reported by users,Multiple users reported issues related to vpn gateway affecting normal operations.,Expired VPN certificate,Renewed certificate and restarted gateway,Resolved,Network Ops
INC100178,04-08-2024,P1,Monitoring Tool,Infra,Monitoring Tool issue reported by users,Multiple users reported issues related to monitoring tool affecting normal operations.,Incorrect alert threshold,Updated threshold configuration,Resolved,Infra Monitoring
INC100179,19-08-2024,P4,Authentication Service,Security,Authentication Service issue reported by users,Multiple users reported issues related to authentication service affecting normal operations.,Token service timeout,Restarted auth service and fixed timeout config,Closed,IAM Team
INC100180,02-02-2024,P3,Database Cluster,Database,Database Cluster issue reported by users,Multiple users reported issues related to database cluster affecting normal operations.,Primary node failover issue,Triggered manual failover and stabilized cluster,Resolved,DBA Team
INC100181,20-01-2025,P2,Authentication Service,Security,Authentication Service issue reported by users,Multiple users reported issues related to authentication service affecting normal operations.,Token service timeout,Restarted auth service and fixed timeout config,Resolved,IAM Team
INC100182,13-01-2024,P4,Customer API,Application,Customer API issue reported by users,Multiple users reported issues related to customer api affecting normal operations.,Connection pool exhaustion,Increased pool size and optimized queries,Resolved,App Support
INC100183,07-02-2024,P4,Customer API,Application,Customer API issue reported by users,Multiple users reported issues related to customer api affecting normal operations.,Connection pool exhaustion,Increased pool size and optimized queries,Closed,App Support
INC100184,31-01-2025,P3,Monitoring Tool,Infra,Monitoring Tool issue reported by users,Multiple users reported issues related to monitoring tool affecting normal operations.,Incorrect alert threshold,Updated threshold configuration,Closed,Infra Monitoring
INC100185,25-12-2024,P1,VPN Gateway,Network,VPN Gateway issue reported by users,Multiple users reported issues related to vpn gateway affecting normal operations.,Expired VPN certificate,Renewed certificate and restarted gateway,Resolved,Network Ops
INC100186,20-07-2024,P4,VPN Gateway,Network,VPN Gateway issue reported by users,Multiple users reported issues related to vpn gateway affecting normal operations.,Expired VPN certificate,Renewed certificate and restarted gateway,Resolved,Network Ops
INC100187,16-10-2024,P3,Email Service,Application,Email Service issue reported by users,Multiple users reported issues related to email service affecting normal operations.,SMTP relay memory leak,Restarted SMTP service and applied memory patch,Closed,Messaging Team
INC100188,05-12-2024,P3,Authentication Service,Security,Authentication Service issue reported by users,Multiple users reported issues related to authentication service affecting normal operations.,Token service timeout,Restarted auth service and fixed timeout config,Closed,IAM Team
INC100189,10-03-2024,P3,VPN Gateway,Network,VPN Gateway issue reported by users,Multiple users reported issues related to vpn gateway affecting normal operations.,Expired VPN certificate,Renewed certificate and restarted gateway,Closed,Network Ops
INC100190,25-10-2024,P2,Monitoring Tool,Infra,Monitoring Tool issue reported by users,Multiple users reported issues related to monitoring tool affecting normal operations.,Incorrect alert threshold,Updated threshold configuration,Resolved,Infra Monitoring
INC100191,15-04-2024,P4,Batch Processing,Application,Batch Processing issue reported by users,Multiple users reported issues related to batch processing affecting normal operations.,Job scheduler crash,Restarted scheduler and re-ran failed jobs,Resolved,Batch Ops
INC100192,28-11-2024,P4,Customer API,Application,Customer API issue reported by users,Multiple users reported issues related to customer api affecting normal operations.,Connection pool exhaustion,Increased pool size and optimized queries,Closed,App Support
INC100193,02-05-2024,P3,Database Cluster,Database,Database Cluster issue reported by users,Multiple users reported issues related to database cluster affecting normal operations.,Primary node failover issue,Triggered manual failover and stabilized cluster,Resolved,DBA Team
INC100194,24-02-2024,P4,Database Cluster,Database,Database Cluster issue reported by users,Multiple users reported issues related to database cluster affecting normal operations.,Primary node failover issue,Triggered manual failover and stabilized cluster,Resolved,DBA Team
INC100195,03-09-2024,P2,Customer API,Application,Customer API issue reported by users,Multiple users reported issues related to customer api affecting normal operations.,Connection pool exhaustion,Increased pool size and optimized queries,Closed,App Support
INC100196,03-01-2024,P2,Kubernetes Platform,Infra,Kubernetes Platform issue reported by users,Multiple users reported issues related to kubernetes platform affecting normal operations.,Pod memory limit breach,Increased memory limits and redeployed pods,Resolved,Cloud Ops
INC100197,27-08-2024,P4,Kubernetes Platform,Infra,Kubernetes Platform issue reported by users,Multiple users reported issues related to kubernetes platform affecting normal operations.,Pod memory limit breach,Increased memory limits and redeployed pods,Resolved,Cloud Ops
INC100198,16-03-2024,P2,Authentication Service,Security,Authentication Service issue reported by users,Multiple users reported issues related to authentication service affecting normal operations.,Token service timeout,Restarted auth service and fixed timeout config,Resolved,IAM Team
INC100199,08-01-2024,P1,Batch Processing,Application,Batch Processing issue reported by users,Multiple users reported issues related to batch processing affecting normal operations.,Job scheduler crash,Restarted scheduler and re-ran failed jobs,Closed,Batch Ops
INC100200,28-12-2024,P4,Email Service,Application,Email Service issue reported by users,Multiple users reported issues related to email service affecting normal operations.,SMTP relay memory leak,Restarted SMTP service and applied memory patch,Resolved,Messaging Team
INC100201,15-04-2024,P3,Customer API,Application,Customer API issue reported by users,Multiple users reported issues related to customer api affecting normal operations.,Connection pool exhaustion,Increased pool size and optimized queries,Resolved,App Support
INC100202,21-04-2024,P1,Email Service,Application,Email Service issue reported by users,Multiple users reported issues related to email service affecting normal operations.,SMTP relay memory leak,Restarted SMTP service and applied memory patch,Closed,Messaging Team
INC100203,08-12-2024,P1,Email Service,Application,Email Service issue reported by users,Multiple users reported issues related to email service affecting normal operations.,SMTP relay memory leak,Restarted SMTP service and applied memory patch,Resolved,Messaging Team
INC100204,16-10-2024,P4,VPN Gateway,Network,VPN Gateway issue reported by users,Multiple users reported issues related to vpn gateway affecting normal operations.,Expired VPN certificate,Renewed certificate and restarted gateway,Closed,Network Ops
INC100205,14-10-2024,P2,Email Service,Application,Email Service issue reported by users,Multiple users reported issues related to email service affecting normal operations.,SMTP relay memory leak,Restarted SMTP service and applied memory patch,Closed,Messaging Team
INC100206,08-03-2024,P2,Customer API,Application,Customer API issue reported by users,Multiple users reported issues related to customer api affecting normal operations.,Connection pool exhaustion,Increased pool size and optimized queries,Resolved,App Support
INC100207,13-07-2024,P4,Kubernetes Platform,Infra,Kubernetes Platform issue reported by users,Multiple users reported issues related to kubernetes platform affecting normal operations.,Pod memory limit breach,Increased memory limits and redeployed pods,Resolved,Cloud Ops
INC100208,12-10-2024,P2,Database Cluster,Database,Database Cluster issue reported by users,Multiple users reported issues related to database cluster affecting normal operations.,Primary node failover issue,Triggered manual failover and stabilized cluster,Closed,DBA Team
INC100209,10-03-2024,P3,Customer API,Application,Customer API issue reported by users,Multiple users reported issues related to customer api affecting normal operations.,Connection pool exhaustion,Increased pool size and optimized queries,Resolved,App Support
INC100210,01-04-2024,P4,Kubernetes Platform,Infra,Kubernetes Platform issue reported by users,Multiple users reported issues related to kubernetes platform affecting normal operations.,Pod memory limit breach,Increased memory limits and redeployed pods,Closed,Cloud Ops
INC100211,24-02-2024,P1,Kubernetes Platform,Infra,Kubernetes Platform issue reported by users,Multiple users reported issues related to kubernetes platform affecting normal operations.,Pod memory limit breach,Increased memory limits and redeployed pods,Closed,Cloud Ops
INC100212,25-06-2024,P3,VPN Gateway,Network,VPN Gateway issue reported by users,Multiple users reported issues related to vpn gateway affecting normal operations.,Expired VPN certificate,Renewed certificate and restarted gateway,Resolved,Network Ops
INC100213,10-05-2024,P1,Customer API,Application,Customer API issue reported by users,Multiple users reported issues related to customer api affecting normal operations.,Connection pool exhaustion,Increased pool size and optimized queries,Closed,App Support
INC100214,16-05-2024,P4,Email Service,Application,Email Service issue reported by users,Multiple users reported issues related to email service affecting normal operations.,SMTP relay memory leak,Restarted SMTP service and applied memory patch,Closed,Messaging Team
INC100215,22-03-2024,P4,VPN Gateway,Network,VPN Gateway issue reported by users,Multiple users reported issues related to vpn gateway affecting normal operations.,Expired VPN certificate,Renewed certificate and restarted gateway,Resolved,Network Ops
INC100216,11-05-2024,P4,Batch Processing,Application,Batch Processing issue reported by users,Multiple users reported issues related to batch processing affecting normal operations.,Job scheduler crash,Restarted scheduler and re-ran failed jobs,Resolved,Batch Ops
INC100217,20-10-2024,P1,VPN Gateway,Network,VPN Gateway issue reported by users,Multiple users reported issues related to vpn gateway affecting normal operations.,Expired VPN certificate,Renewed certificate and restarted gateway,Resolved,Network Ops
INC100218,17-12-2024,P1,Monitoring Tool,Infra,Monitoring Tool issue reported by users,Multiple users reported issues related to monitoring tool affecting normal operations.,Incorrect alert threshold,Updated threshold configuration,Closed,Infra Monitoring
INC100219,11-01-2024,P3,Batch Processing,Application,Batch Processing issue reported by users,Multiple users reported issues related to batch processing affecting normal operations.,Job scheduler crash,Restarted scheduler and re-ran failed jobs,Closed,Batch Ops
INC100220,01-04-2024,P2,Batch Processing,Application,Batch Processing issue reported by users,Multiple users reported issues related to batch processing affecting normal operations.,Job scheduler crash,Restarted scheduler and re-ran failed jobs,Resolved,Batch Ops
INC100221,26-08-2024,P2,Database Cluster,Database,Database Cluster issue reported by users,Multiple users reported issues related to database cluster affecting normal operations.,Primary node failover issue,Triggered manual failover and stabilized cluster,Closed,DBA Team
INC100222,09-09-2024,P4,Email Service,Application,Email Service issue reported by users,Multiple users reported issues related to email service affecting normal operations.,SMTP relay memory leak,Restarted SMTP service and applied memory patch,Closed,Messaging Team
INC100223,16-02-2024,P3,Email Service,Application,Email Service issue reported by users,Multiple users reported issues related to email service affecting normal operations.,SMTP relay memory leak,Restarted SMTP service and applied memory patch,Resolved,Messaging Team
INC100224,11-03-2024,P2,Authentication Service,Security,Authentication Service issue reported by users,Multiple users reported issues related to authentication service affecting normal operations.,Token service timeout,Restarted auth service and fixed timeout config,Closed,IAM Team
INC100225,24-10-2024,P1,Email Service,Application,Email Service issue reported by users,Multiple users reported issues related to email service affecting normal operations.,SMTP relay memory leak,Restarted SMTP service and applied memory patch,Resolved,Messaging Team
INC100226,06-01-2025,P3,Customer API,Application,Customer API issue reported by users,Multiple users reported issues related to customer api affecting normal operations.,Connection pool exhaustion,Increased pool size and optimized queries,Closed,App Support
INC100227,17-01-2024,P3,VPN Gateway,Network,VPN Gateway issue reported by users,Multiple users reported issues related to vpn gateway affecting normal operations.,Expired VPN certificate,Renewed certificate and restarted gateway,Closed,Network Ops
INC100228,03-10-2024,P2,VPN Gateway,Network,VPN Gateway issue reported by users,Multiple users reported issues related to vpn gateway affecting normal operations.,Expired VPN certificate,Renewed certificate and restarted gateway,Resolved,Network Ops
INC100229,20-01-2024,P4,Batch Processing,Application,Batch Processing issue reported by users,Multiple users reported issues related to batch processing affecting normal operations.,Job scheduler crash,Restarted scheduler and re-ran failed jobs,Resolved,Batch Ops
INC100230,12-08-2024,P1,Monitoring Tool,Infra,Monitoring Tool issue reported by users,Multiple users reported issues related to monitoring tool affecting normal operations.,Incorrect alert threshold,Updated threshold configuration,Closed,Infra Monitoring
INC100231,13-01-2024,P4,Monitoring Tool,Infra,Monitoring Tool issue reported by users,Multiple users reported issues related to monitoring tool affecting normal operations.,Incorrect alert threshold,Updated threshold configuration,Resolved,Infra Monitoring
INC100232,28-01-2024,P4,Monitoring Tool,Infra,Monitoring Tool issue reported by users,Multiple users reported issues related to monitoring tool affecting normal operations.,Incorrect alert threshold,Updated threshold configuration,Closed,Infra Monitoring
INC100233,04-02-2024,P2,Authentication Service,Security,Authentication Service issue reported by users,Multiple users reported issues related to authentication service affecting normal operations.,Token service timeout,Restarted auth service and fixed timeout config,Closed,IAM Team
INC100234,20-10-2024,P2,Authentication Service,Security,Authentication Service issue reported by users,Multiple users reported issues related to authentication service affecting normal operations.,Token service timeout,Restarted auth service and fixed timeout config,Closed,IAM Team
INC100235,02-07-2024,P1,Database Cluster,Database,Database Cluster issue reported by users,Multiple users reported issues related to database cluster affecting normal operations.,Primary node failover issue,Triggered manual failover and stabilized cluster,Resolved,DBA Team
INC100236,04-08-2024,P2,Email Service,Application,Email Service issue reported by users,Multiple users reported issues related to email service affecting normal operations.,SMTP relay memory leak,Restarted SMTP service and applied memory patch,Closed,Messaging Team
INC100237,23-02-2024,P4,Kubernetes Platform,Infra,Kubernetes Platform issue reported by users,Multiple users reported issues related to kubernetes platform affecting normal operations.,Pod memory limit breach,Increased memory limits and redeployed pods,Resolved,Cloud Ops
INC100238,26-02-2024,P4,Customer API,Application,Customer API issue reported by users,Multiple users reported issues related to customer api affecting normal operations.,Connection pool exhaustion,Increased pool size and optimized queries,Closed,App Support
INC100239,07-02-2024,P4,Email Service,Application,Email Service issue reported by users,Multiple users reported issues related to email service affecting normal operations.,SMTP relay memory leak,Restarted SMTP service and applied memory patch,Resolved,Messaging Team
INC100240,01-12-2024,P1,Database Cluster,Database,Database Cluster issue reported by users,Multiple users reported issues related to database cluster affecting normal operations.,Primary node failover issue,Triggered manual failover and stabilized cluster,Resolved,DBA Team
INC100241,09-01-2025,P2,Kubernetes Platform,Infra,Kubernetes Platform issue reported by users,Multiple users reported issues related to kubernetes platform affecting normal operations.,Pod memory limit breach,Increased memory limits and redeployed pods,Resolved,Cloud Ops
INC100242,01-11-2024,P1,Customer API,Application,Customer API issue reported by users,Multiple users reported issues related to customer api affecting normal operations.,Connection pool exhaustion,Increased pool size and optimized queries,Closed,App Support
INC100243,19-01-2025,P3,Batch Processing,Application,Batch Processing issue reported by users,Multiple users reported issues related to batch processing affecting normal operations.,Job scheduler crash,Restarted scheduler and re-ran failed jobs,Resolved,Batch Ops
INC100244,08-08-2024,P4,Database Cluster,Database,Database Cluster issue reported by users,Multiple users reported issues related to database cluster affecting normal operations.,Primary node failover issue,Triggered manual failover and stabilized cluster,Resolved,DBA Team
INC100245,13-08-2024,P2,Database Cluster,Database,Database Cluster issue reported by users,Multiple users reported issues related to database cluster affecting normal operations.,Primary node failover issue,Triggered manual failover and stabilized cluster,Closed,DBA Team
INC100246,10-12-2024,P2,Email Service,Application,Email Service issue reported by users,Multiple users reported issues related to email service affecting normal operations.,SMTP relay memory leak,Restarted SMTP service and applied memory patch,Resolved,Messaging Team
INC100247,27-04-2024,P3,VPN Gateway,Network,VPN Gateway issue reported by users,Multiple users reported issues related to vpn gateway affecting normal operations.,Expired VPN certificate,Renewed certificate and restarted gateway,Resolved,Network Ops
INC100248,09-09-2024,P2,VPN Gateway,Network,VPN Gateway issue reported by users,Multiple users reported issues related to vpn gateway affecting normal operations.,Expired VPN certificate,Renewed certificate and restarted gateway,Resolved,Network Ops
INC100249,29-05-2024,P4,Database Cluster,Database,Database Cluster issue reported by users,Multiple users reported issues related to database cluster affecting normal operations.,Primary node failover issue,Triggered manual failover and stabilized cluster,Resolved,DBA Team
INC100250,22-02-2024,P3,Kubernetes Platform,Infra,Kubernetes Platform issue reported by users,Multiple users reported issues related to kubernetes platform affecting normal operations.,Pod memory limit breach,Increased memory limits and redeployed pods,Closed,Cloud Ops
INC100251,03-09-2024,P3,Database Cluster,Database,Database Cluster issue reported by users,Multiple users reported issues related to database cluster affecting normal operations.,Primary node failover issue,Triggered manual failover and stabilized cluster,Resolved,DBA Team
INC100252,30-07-2024,P4,Customer API,Application,Customer API issue reported by users,Multiple users reported issues related to customer api affecting normal operations.,Connection pool exhaustion,Increased pool size and optimized queries,Closed,App Support
INC100253,23-08-2024,P4,Email Service,Application,Email Service issue reported by users,Multiple users reported issues related to email service affecting normal operations.,SMTP relay memory leak,Restarted SMTP service and applied memory patch,Resolved,Messaging Team
INC100254,24-01-2024,P1,VPN Gateway,Network,VPN Gateway issue reported by users,Multiple users reported issues related to vpn gateway affecting normal operations.,Expired VPN certificate,Renewed certificate and restarted gateway,Resolved,Network Ops
INC100255,09-08-2024,P4,Kubernetes Platform,Infra,Kubernetes Platform issue reported by users,Multiple users reported issues related to kubernetes platform affecting normal operations.,Pod memory limit breach,Increased memory limits and redeployed pods,Resolved,Cloud Ops
INC100256,16-12-2024,P2,Kubernetes Platform,Infra,Kubernetes Platform issue reported by users,Multiple users reported issues related to kubernetes platform affecting normal operations.,Pod memory limit breach,Increased memory limits and redeployed pods,Resolved,Cloud Ops
INC100257,25-10-2024,P4,Authentication Service,Security,Authentication Service issue reported by users,Multiple users reported issues related to authentication service affecting normal operations.,Token service timeout,Restarted auth service and fixed timeout config,Resolved,IAM Team
INC100258,17-03-2024,P4,Email Service,Application,Email Service issue reported by users,Multiple users reported issues related to email service affecting normal operations.,SMTP relay memory leak,Restarted SMTP service and applied memory patch,Closed,Messaging Team
INC100259,13-01-2024,P3,Authentication Service,Security,Authentication Service issue reported by users,Multiple users reported issues related to authentication service affecting normal operations.,Token service timeout,Restarted auth service and fixed timeout config,Resolved,IAM Team
INC100260,12-10-2024,P3,Customer API,Application,Customer API issue reported by users,Multiple users reported issues related to customer api affecting normal operations.,Connection pool exhaustion,Increased pool size and optimized queries,Resolved,App Support
INC100261,03-05-2024,P2,Customer API,Application,Customer API issue reported by users,Multiple users reported issues related to customer api affecting normal operations.,Connection pool exhaustion,Increased pool size and optimized queries,Resolved,App Support
INC100262,22-08-2024,P1,Kubernetes Platform,Infra,Kubernetes Platform issue reported by users,Multiple users reported issues related to kubernetes platform affecting normal operations.,Pod memory limit breach,Increased memory limits and redeployed pods,Resolved,Cloud Ops
INC100263,12-02-2024,P4,Email Service,Application,Email Service issue reported by users,Multiple users reported issues related to email service affecting normal operations.,SMTP relay memory leak,Restarted SMTP service and applied memory patch,Closed,Messaging Team
INC100264,01-02-2024,P3,Monitoring Tool,Infra,Monitoring Tool issue reported by users,Multiple users reported issues related to monitoring tool affecting normal operations.,Incorrect alert threshold,Updated threshold configuration,Resolved,Infra Monitoring
INC100265,07-10-2024,P4,Batch Processing,Application,Batch Processing issue reported by users,Multiple users reported issues related to batch processing affecting normal operations.,Job scheduler crash,Restarted scheduler and re-ran failed jobs,Closed,Batch Ops
INC100266,18-09-2024,P1,Monitoring Tool,Infra,Monitoring Tool issue reported by users,Multiple users reported issues related to monitoring tool affecting normal operations.,Incorrect alert threshold,Updated threshold configuration,Closed,Infra Monitoring
INC100267,06-01-2025,P4,Batch Processing,Application,Batch Processing issue reported by users,Multiple users reported issues related to batch processing affecting normal operations.,Job scheduler crash,Restarted scheduler and re-ran failed jobs,Resolved,Batch Ops
INC100268,06-01-2025,P1,Email Service,Application,Email Service issue reported by users,Multiple users reported issues related to email service affecting normal operations.,SMTP relay memory leak,Restarted SMTP service and applied memory patch,Resolved,Messaging Team
INC100269,07-01-2024,P1,Customer API,Application,Customer API issue reported by users,Multiple users reported issues related to customer api affecting normal operations.,Connection pool exhaustion,Increased pool size and optimized queries,Resolved,App Support
INC100270,01-04-2024,P1,Email Service,Application,Email Service issue reported by users,Multiple users reported issues related to email service affecting normal operations.,SMTP relay memory leak,Restarted SMTP service and applied memory patch,Resolved,Messaging Team
INC100271,14-01-2025,P2,Kubernetes Platform,Infra,Kubernetes Platform issue reported by users,Multiple users reported issues related to kubernetes platform affecting normal operations.,Pod memory limit breach,Increased memory limits and redeployed pods,Resolved,Cloud Ops
INC100272,31-01-2025,P4,Database Cluster,Database,Database Cluster issue reported by users,Multiple users reported issues related to database cluster affecting normal operations.,Primary node failover issue,Triggered manual failover and stabilized cluster,Resolved,DBA Team
INC100273,14-01-2025,P3,VPN Gateway,Network,VPN Gateway issue reported by users,Multiple users reported issues related to vpn gateway affecting normal operations.,Expired VPN certificate,Renewed certificate and restarted gateway,Closed,Network Ops
INC100274,04-03-2024,P4,Batch Processing,Application,Batch Processing issue reported by users,Multiple users reported issues related to batch processing affecting normal operations.,Job scheduler crash,Restarted scheduler and re-ran failed jobs,Closed,Batch Ops
INC100275,18-05-2024,P3,Monitoring Tool,Infra,Monitoring Tool issue reported by users,Multiple users reported issues related to monitoring tool affecting normal operations.,Incorrect alert threshold,Updated threshold configuration,Resolved,Infra Monitoring
INC100276,24-09-2024,P4,Customer API,Application,Customer API issue reported by users,Multiple users reported issues related to customer api affecting normal operations.,Connection pool exhaustion,Increased pool size and optimized queries,Resolved,App Support
INC100277,29-09-2024,P3,Authentication Service,Security,Authentication Service issue reported by users,Multiple users reported issues related to authentication service affecting normal operations.,Token service timeout,Restarted auth service and fixed timeout config,Resolved,IAM Team
INC100278,13-02-2024,P4,Batch Processing,Application,Batch Processing issue reported by users,Multiple users reported issues related to batch processing affecting normal operations.,Job scheduler crash,Restarted scheduler and re-ran failed jobs,Closed,Batch Ops
INC100279,27-02-2024,P4,Authentication Service,Security,Authentication Service issue reported by users,Multiple users reported issues related to authentication service affecting normal operations.,Token service timeout,Restarted auth service and fixed timeout config,Resolved,IAM Team
INC100280,05-12-2024,P1,VPN Gateway,Network,VPN Gateway issue reported by users,Multiple users reported issues related to vpn gateway affecting normal operations.,Expired VPN certificate,Renewed certificate and restarted gateway,Resolved,Network Ops
INC100281,06-07-2024,P1,Database Cluster,Database,Database Cluster issue reported by users,Multiple users reported issues related to database cluster affecting normal operations.,Primary node failover issue,Triggered manual failover and stabilized cluster,Resolved,DBA Team
INC100282,25-07-2024,P2,Database Cluster,Database,Database Cluster issue reported by users,Multiple users reported issues related to database cluster affecting normal operations.,Primary node failover issue,Triggered manual failover and stabilized cluster,Resolved,DBA Team
INC100283,14-02-2024,P4,Customer API,Application,Customer API issue reported by users,Multiple users reported issues related to customer api affecting normal operations.,Connection pool exhaustion,Increased pool size and optimized queries,Resolved,App Support
INC100284,16-06-2024,P1,VPN Gateway,Network,VPN Gateway issue reported by users,Multiple users reported issues related to vpn gateway affecting normal operations.,Expired VPN certificate,Renewed certificate and restarted gateway,Closed,Network Ops
INC100285,22-08-2024,P1,Customer API,Application,Customer API issue reported by users,Multiple users reported issues related to customer api affecting normal operations.,Connection pool exhaustion,Increased pool size and optimized queries,Resolved,App Support
INC100286,22-01-2024,P4,Database Cluster,Database,Database Cluster issue reported by users,Multiple users reported issues related to database cluster affecting normal operations.,Primary node failover issue,Triggered manual failover and stabilized cluster,Resolved,DBA Team
INC100287,15-01-2025,P4,Database Cluster,Database,Database Cluster issue reported by users,Multiple users reported issues related to database cluster affecting normal operations.,Primary node failover issue,Triggered manual failover and stabilized cluster,Resolved,DBA Team
INC100288,30-03-2024,P4,Batch Processing,Application,Batch Processing issue reported by users,Multiple users reported issues related to batch processing affecting normal operations.,Job scheduler crash,Restarted scheduler and re-ran failed jobs,Resolved,Batch Ops
INC100289,12-09-2024,P3,Database Cluster,Database,Database Cluster issue reported by users,Multiple users reported issues related to database cluster affecting normal operations.,Primary node failover issue,Triggered manual failover and stabilized cluster,Resolved,DBA Team
INC100290,18-03-2024,P3,Kubernetes Platform,Infra,Kubernetes Platform issue reported by users,Multiple users reported issues related to kubernetes platform affecting normal operations.,Pod memory limit breach,Increased memory limits and redeployed pods,Closed,Cloud Ops
INC100291,04-07-2024,P2,Batch Processing,Application,Batch Processing issue reported by users,Multiple users reported issues related to batch processing affecting normal operations.,Job scheduler crash,Restarted scheduler and re-ran failed jobs,Resolved,Batch Ops
INC100292,05-12-2024,P1,Batch Processing,Application,Batch Processing issue reported by users,Multiple users reported issues related to batch processing affecting normal operations.,Job scheduler crash,Restarted scheduler and re-ran failed jobs,Resolved,Batch Ops
INC100293,09-11-2024,P1,Batch Processing,Application,Batch Processing issue reported by users,Multiple users reported issues related to batch processing affecting normal operations.,Job scheduler crash,Restarted scheduler and re-ran failed jobs,Closed,Batch Ops
INC100294,20-03-2024,P4,Authentication Service,Security,Authentication Service issue reported by users,Multiple users reported issues related to authentication service affecting normal operations.,Token service timeout,Restarted auth service and fixed timeout config,Closed,IAM Team
INC100295,04-09-2024,P4,Database Cluster,Database,Database Cluster issue reported by users,Multiple users reported issues related to database cluster affecting normal operations.,Primary node failover issue,Triggered manual failover and stabilized cluster,Closed,DBA Team
INC100296,30-09-2024,P1,Database Cluster,Database,Database Cluster issue reported by users,Multiple users reported issues related to database cluster affecting normal operations.,Primary node failover issue,Triggered manual failover and stabilized cluster,Resolved,DBA Team
INC100297,17-01-2025,P3,Kubernetes Platform,Infra,Kubernetes Platform issue reported by users,Multiple users reported issues related to kubernetes platform affecting normal operations.,Pod memory limit breach,Increased memory limits and redeployed pods,Resolved,Cloud Ops
INC100298,04-06-2024,P3,Monitoring Tool,Infra,Monitoring Tool issue reported by users,Multiple users reported issues related to monitoring tool affecting normal operations.,Incorrect alert threshold,Updated threshold configuration,Closed,Infra Monitoring
INC100299,24-01-2024,P3,Kubernetes Platform,Infra,Kubernetes Platform issue reported by users,Multiple users reported issues related to kubernetes platform affecting normal operations.,Pod memory limit breach,Increased memory limits and redeployed pods,Resolved,Cloud Ops
INC100300,23-04-2024,P2,Email Service,Application,Email Service issue reported by users,Multiple users reported issues related to email service affecting normal operations.,SMTP relay memory leak,Restarted SMTP service and applied memory patch,Closed,Messaging Team
INC100301,09-07-2024,P3,Kubernetes Platform,Infra,Kubernetes Platform issue reported by users,Multiple users reported issues related to kubernetes platform affecting normal operations.,Pod memory limit breach,Increased memory limits and redeployed pods,Closed,Cloud Ops
INC100302,03-03-2024,P4,Customer API,Application,Customer API issue reported by users,Multiple users reported issues related to customer api affecting normal operations.,Connection pool exhaustion,Increased pool size and optimized queries,Resolved,App Support
INC100303,26-10-2024,P3,Email Service,Application,Email Service issue reported by users,Multiple users reported issues related to email service affecting normal operations.,SMTP relay memory leak,Restarted SMTP service and applied memory patch,Closed,Messaging Team
INC100304,15-09-2024,P1,Kubernetes Platform,Infra,Kubernetes Platform issue reported by users,Multiple users reported issues related to kubernetes platform affecting normal operations.,Pod memory limit breach,Increased memory limits and redeployed pods,Closed,Cloud Ops
INC100305,19-07-2024,P1,VPN Gateway,Network,VPN Gateway issue reported by users,Multiple users reported issues related to vpn gateway affecting normal operations.,Expired VPN certificate,Renewed certificate and restarted gateway,Resolved,Network Ops
INC100306,28-04-2024,P2,Kubernetes Platform,Infra,Kubernetes Platform issue reported by users,Multiple users reported issues related to kubernetes platform affecting normal operations.,Pod memory limit breach,Increased memory limits and redeployed pods,Closed,Cloud Ops
INC100307,19-10-2024,P1,Authentication Service,Security,Authentication Service issue reported by users,Multiple users reported issues related to authentication service affecting normal operations.,Token service timeout,Restarted auth service and fixed timeout config,Resolved,IAM Team
INC100308,27-06-2024,P4,Customer API,Application,Customer API issue reported by users,Multiple users reported issues related to customer api affecting normal operations.,Connection pool exhaustion,Increased pool size and optimized queries,Resolved,App Support
INC100309,12-08-2024,P3,Kubernetes Platform,Infra,Kubernetes Platform issue reported by users,Multiple users reported issues related to kubernetes platform affecting normal operations.,Pod memory limit breach,Increased memory limits and redeployed pods,Resolved,Cloud Ops
INC100310,13-01-2024,P3,Monitoring Tool,Infra,Monitoring Tool issue reported by users,Multiple users reported issues related to monitoring tool affecting normal operations.,Incorrect alert threshold,Updated threshold configuration,Closed,Infra Monitoring
INC100311,25-04-2024,P2,VPN Gateway,Network,VPN Gateway issue reported by users,Multiple users reported issues related to vpn gateway affecting normal operations.,Expired VPN certificate,Renewed certificate and restarted gateway,Closed,Network Ops
INC100312,20-09-2024,P1,Email Service,Application,Email Service issue reported by users,Multiple users reported issues related to email service affecting normal operations.,SMTP relay memory leak,Restarted SMTP service and applied memory patch,Resolved,Messaging Team
INC100313,16-11-2024,P1,Database Cluster,Database,Database Cluster issue reported by users,Multiple users reported issues related to database cluster affecting normal operations.,Primary node failover issue,Triggered manual failover and stabilized cluster,Resolved,DBA Team
INC100314,15-03-2024,P3,VPN Gateway,Network,VPN Gateway issue reported by users,Multiple users reported issues related to vpn gateway affecting normal operations.,Expired VPN certificate,Renewed certificate and restarted gateway,Closed,Network Ops
INC100315,24-12-2024,P4,Customer API,Application,Customer API issue reported by users,Multiple users reported issues related to customer api affecting normal operations.,Connection pool exhaustion,Increased pool size and optimized queries,Resolved,App Support
INC100316,27-03-2024,P1,Batch Processing,Application,Batch Processing issue reported by users,Multiple users reported issues related to batch processing affecting normal operations.,Job scheduler crash,Restarted scheduler and re-ran failed jobs,Resolved,Batch Ops
INC100317,06-03-2024,P3,Customer API,Application,Customer API issue reported by users,Multiple users reported issues related to customer api affecting normal operations.,Connection pool exhaustion,Increased pool size and optimized queries,Resolved,App Support
INC100318,29-09-2024,P2,Batch Processing,Application,Batch Processing issue reported by users,Multiple users reported issues related to batch processing affecting normal operations.,Job scheduler crash,Restarted scheduler and re-ran failed jobs,Closed,Batch Ops
INC100319,18-12-2024,P4,Monitoring Tool,Infra,Monitoring Tool issue reported by users,Multiple users reported issues related to monitoring tool affecting normal operations.,Incorrect alert threshold,Updated threshold configuration,Resolved,Infra Monitoring
INC100320,12-03-2024,P3,Email Service,Application,Email Service issue reported by users,Multiple users reported issues related to email service affecting normal operations.,SMTP relay memory leak,Restarted SMTP service and applied memory patch,Resolved,Messaging Team
INC100321,09-06-2024,P1,Customer API,Application,Customer API issue reported by users,Multiple users reported issues related to customer api affecting normal operations.,Connection pool exhaustion,Increased pool size and optimized queries,Closed,App Support
INC100322,16-06-2024,P3,Customer API,Application,Customer API issue reported by users,Multiple users reported issues related to customer api affecting normal operations.,Connection pool exhaustion,Increased pool size and optimized queries,Closed,App Support
INC100323,28-01-2025,P3,Authentication Service,Security,Authentication Service issue reported by users,Multiple users reported issues related to authentication service affecting normal operations.,Token service timeout,Restarted auth service and fixed timeout config,Closed,IAM Team
INC100324,09-01-2025,P3,Monitoring Tool,Infra,Monitoring Tool issue reported by users,Multiple users reported issues related to monitoring tool affecting normal operations.,Incorrect alert threshold,Updated threshold configuration,Resolved,Infra Monitoring
INC100325,26-04-2024,P1,Batch Processing,Application,Batch Processing issue reported by users,Multiple users reported issues related to batch processing affecting normal operations.,Job scheduler crash,Restarted scheduler and re-ran failed jobs,Resolved,Batch Ops
INC100326,02-01-2025,P3,Customer API,Application,Customer API issue reported by users,Multiple users reported issues related to customer api affecting normal operations.,Connection pool exhaustion,Increased pool size and optimized queries,Closed,App Support
INC100327,06-11-2024,P4,Batch Processing,Application,Batch Processing issue reported by users,Multiple users reported issues related to batch processing affecting normal operations.,Job scheduler crash,Restarted scheduler and re-ran failed jobs,Closed,Batch Ops
INC100328,11-01-2024,P1,Authentication Service,Security,Authentication Service issue reported by users,Multiple users reported issues related to authentication service affecting normal operations.,Token service timeout,Restarted auth service and fixed timeout config,Resolved,IAM Team
INC100329,22-03-2024,P3,Authentication Service,Security,Authentication Service issue reported by users,Multiple users reported issues related to authentication service affecting normal operations.,Token service timeout,Restarted auth service and fixed timeout config,Resolved,IAM Team
INC100330,22-09-2024,P2,Monitoring Tool,Infra,Monitoring Tool issue reported by users,Multiple users reported issues related to monitoring tool affecting normal operations.,Incorrect alert threshold,Updated threshold configuration,Closed,Infra Monitoring
INC100331,12-05-2024,P1,Kubernetes Platform,Infra,Kubernetes Platform issue reported by users,Multiple users reported issues related to kubernetes platform affecting normal operations.,Pod memory limit breach,Increased memory limits and redeployed pods,Closed,Cloud Ops
INC100332,05-02-2024,P3,Customer API,Application,Customer API issue reported by users,Multiple users reported issues related to customer api affecting normal operations.,Connection pool exhaustion,Increased pool size and optimized queries,Closed,App Support
INC100333,26-01-2025,P2,Kubernetes Platform,Infra,Kubernetes Platform issue reported by users,Multiple users reported issues related to kubernetes platform affecting normal operations.,Pod memory limit breach,Increased memory limits and redeployed pods,Resolved,Cloud Ops
INC100334,15-05-2024,P1,Kubernetes Platform,Infra,Kubernetes Platform issue reported by users,Multiple users reported issues related to kubernetes platform affecting normal operations.,Pod memory limit breach,Increased memory limits and redeployed pods,Closed,Cloud Ops
INC100335,05-12-2024,P3,Monitoring Tool,Infra,Monitoring Tool issue reported by users,Multiple users reported issues related to monitoring tool affecting normal operations.,Incorrect alert threshold,Updated threshold configuration,Closed,Infra Monitoring
INC100336,13-02-2024,P3,Authentication Service,Security,Authentication Service issue reported by users,Multiple users reported issues related to authentication service affecting normal operations.,Token service timeout,Restarted auth service and fixed timeout config,Closed,IAM Team
INC100337,19-03-2024,P4,Monitoring Tool,Infra,Monitoring Tool issue reported by users,Multiple users reported issues related to monitoring tool affecting normal operations.,Incorrect alert threshold,Updated threshold configuration,Closed,Infra Monitoring
INC100338,13-06-2024,P2,Email Service,Application,Email Service issue reported by users,Multiple users reported issues related to email service affecting normal operations.,SMTP relay memory leak,Restarted SMTP service and applied memory patch,Resolved,Messaging Team
INC100339,12-02-2024,P3,Authentication Service,Security,Authentication Service issue reported by users,Multiple users reported issues related to authentication service affecting normal operations.,Token service timeout,Restarted auth service and fixed timeout config,Closed,IAM Team
INC100340,15-03-2024,P3,Authentication Service,Security,Authentication Service issue reported by users,Multiple users reported issues related to authentication service affecting normal operations.,Token service timeout,Restarted auth service and fixed timeout config,Closed,IAM Team
INC100341,16-05-2024,P1,Batch Processing,Application,Batch Processing issue reported by users,Multiple users reported issues related to batch processing affecting normal operations.,Job scheduler crash,Restarted scheduler and re-ran failed jobs,Resolved,Batch Ops
INC100342,26-03-2024,P1,Customer API,Application,Customer API issue reported by users,Multiple users reported issues related to customer api affecting normal operations.,Connection pool exhaustion,Increased pool size and optimized queries,Resolved,App Support
INC100343,02-02-2025,P1,Database Cluster,Database,Database Cluster issue reported by users,Multiple users reported issues related to database cluster affecting normal operations.,Primary node failover issue,Triggered manual failover and stabilized cluster,Resolved,DBA Team
INC100344,29-07-2024,P2,Database Cluster,Database,Database Cluster issue reported by users,Multiple users reported issues related to database cluster affecting normal operations.,Primary node failover issue,Triggered manual failover and stabilized cluster,Resolved,DBA Team
INC100345,13-10-2024,P1,Customer API,Application,Customer API issue reported by users,Multiple users reported issues related to customer api affecting normal operations.,Connection pool exhaustion,Increased pool size and optimized queries,Closed,App Support
INC100346,02-08-2024,P4,Monitoring Tool,Infra,Monitoring Tool issue reported by users,Multiple users reported issues related to monitoring tool affecting normal operations.,Incorrect alert threshold,Updated threshold configuration,Resolved,Infra Monitoring
INC100347,25-03-2024,P1,Customer API,Application,Customer API issue reported by users,Multiple users reported issues related to customer api affecting normal operations.,Connection pool exhaustion,Increased pool size and optimized queries,Resolved,App Support
INC100348,04-07-2024,P4,VPN Gateway,Network,VPN Gateway issue reported by users,Multiple users reported issues related to vpn gateway affecting normal operations.,Expired VPN certificate,Renewed certificate and restarted gateway,Resolved,Network Ops
INC100349,19-01-2024,P3,Kubernetes Platform,Infra,Kubernetes Platform issue reported by users,Multiple users reported issues related to kubernetes platform affecting normal operations.,Pod memory limit breach,Increased memory limits and redeployed pods,Closed,Cloud Ops
INC100350,12-12-2024,P3,Email Service,Application,Email Service issue reported by users,Multiple users reported issues related to email service affecting normal operations.,SMTP relay memory leak,Restarted SMTP service and applied memory patch,Resolved,Messaging Team
INC100351,23-12-2024,P4,Email Service,Application,Email Service issue reported by users,Multiple users reported issues related to email service affecting normal operations.,SMTP relay memory leak,Restarted SMTP service and applied memory patch,Closed,Messaging Team
INC100352,09-04-2024,P2,Kubernetes Platform,Infra,Kubernetes Platform issue reported by users,Multiple users reported issues related to kubernetes platform affecting normal operations.,Pod memory limit breach,Increased memory limits and redeployed pods,Resolved,Cloud Ops
INC100353,06-02-2024,P3,VPN Gateway,Network,VPN Gateway issue reported by users,Multiple users reported issues related to vpn gateway affecting normal operations.,Expired VPN certificate,Renewed certificate and restarted gateway,Resolved,Network Ops
INC100354,01-12-2024,P2,Customer API,Application,Customer API issue reported by users,Multiple users reported issues related to customer api affecting normal operations.,Connection pool exhaustion,Increased pool size and optimized queries,Closed,App Support
INC100355,05-09-2024,P2,Database Cluster,Database,Database Cluster issue reported by users,Multiple users reported issues related to database cluster affecting normal operations.,Primary node failover issue,Triggered manual failover and stabilized cluster,Resolved,DBA Team
INC100356,28-11-2024,P1,Database Cluster,Database,Database Cluster issue reported by users,Multiple users reported issues related to database cluster affecting normal operations.,Primary node failover issue,Triggered manual failover and stabilized cluster,Closed,DBA Team
INC100357,25-08-2024,P2,VPN Gateway,Network,VPN Gateway issue reported by users,Multiple users reported issues related to vpn gateway affecting normal operations.,Expired VPN certificate,Renewed certificate and restarted gateway,Closed,Network Ops
INC100358,05-01-2025,P1,Database Cluster,Database,Database Cluster issue reported by users,Multiple users reported issues related to database cluster affecting normal operations.,Primary node failover issue,Triggered manual failover and stabilized cluster,Closed,DBA Team
INC100359,26-01-2025,P1,VPN Gateway,Network,VPN Gateway issue reported by users,Multiple users reported issues related to vpn gateway affecting normal operations.,Expired VPN certificate,Renewed certificate and restarted gateway,Closed,Network Ops
INC100360,28-08-2024,P4,Database Cluster,Database,Database Cluster issue reported by users,Multiple users reported issues related to database cluster affecting normal operations.,Primary node failover issue,Triggered manual failover and stabilized cluster,Resolved,DBA Team
INC100361,30-09-2024,P1,Customer API,Application,Customer API issue reported by users,Multiple users reported issues related to customer api affecting normal operations.,Connection pool exhaustion,Increased pool size and optimized queries,Closed,App Support
INC100362,08-10-2024,P2,Monitoring Tool,Infra,Monitoring Tool issue reported by users,Multiple users reported issues related to monitoring tool affecting normal operations.,Incorrect alert threshold,Updated threshold configuration,Closed,Infra Monitoring
INC100363,04-04-2024,P4,Kubernetes Platform,Infra,Kubernetes Platform issue reported by users,Multiple users reported issues related to kubernetes platform affecting normal operations.,Pod memory limit breach,Increased memory limits and redeployed pods,Resolved,Cloud Ops
INC100364,20-04-2024,P1,Kubernetes Platform,Infra,Kubernetes Platform issue reported by users,Multiple users reported issues related to kubernetes platform affecting normal operations.,Pod memory limit breach,Increased memory limits and redeployed pods,Closed,Cloud Ops
INC100365,29-07-2024,P3,Customer API,Application,Customer API issue reported by users,Multiple users reported issues related to customer api affecting normal operations.,Connection pool exhaustion,Increased pool size and optimized queries,Resolved,App Support
INC100366,28-05-2024,P1,Email Service,Application,Email Service issue reported by users,Multiple users reported issues related to email service affecting normal operations.,SMTP relay memory leak,Restarted SMTP service and applied memory patch,Closed,Messaging Team
INC100367,19-07-2024,P1,Database Cluster,Database,Database Cluster issue reported by users,Multiple users reported issues related to database cluster affecting normal operations.,Primary node failover issue,Triggered manual failover and stabilized cluster,Resolved,DBA Team
INC100368,28-04-2024,P4,Database Cluster,Database,Database Cluster issue reported by users,Multiple users reported issues related to database cluster affecting normal operations.,Primary node failover issue,Triggered manual failover and stabilized cluster,Resolved,DBA Team
INC100369,17-03-2024,P3,Email Service,Application,Email Service issue reported by users,Multiple users reported issues related to email service affecting normal operations.,SMTP relay memory leak,Restarted SMTP service and applied memory patch,Resolved,Messaging Team
INC100370,05-02-2024,P3,Monitoring Tool,Infra,Monitoring Tool issue reported by users,Multiple users reported issues related to monitoring tool affecting normal operations.,Incorrect alert threshold,Updated threshold configuration,Resolved,Infra Monitoring
INC100371,12-01-2024,P1,Authentication Service,Security,Authentication Service issue reported by users,Multiple users reported issues related to authentication service affecting normal operations.,Token service timeout,Restarted auth service and fixed timeout config,Resolved,IAM Team
INC100372,30-08-2024,P2,Batch Processing,Application,Batch Processing issue reported by users,Multiple users reported issues related to batch processing affecting normal operations.,Job scheduler crash,Restarted scheduler and re-ran failed jobs,Resolved,Batch Ops
INC100373,04-01-2024,P3,Kubernetes Platform,Infra,Kubernetes Platform issue reported by users,Multiple users reported issues related to kubernetes platform affecting normal operations.,Pod memory limit breach,Increased memory limits and redeployed pods,Closed,Cloud Ops
INC100374,23-10-2024,P3,VPN Gateway,Network,VPN Gateway issue reported by users,Multiple users reported issues related to vpn gateway affecting normal operations.,Expired VPN certificate,Renewed certificate and restarted gateway,Closed,Network Ops
INC100375,11-10-2024,P2,Customer API,Application,Customer API issue reported by users,Multiple users reported issues related to customer api affecting normal operations.,Connection pool exhaustion,Increased pool size and optimized queries,Closed,App Support
INC100376,27-08-2024,P2,Kubernetes Platform,Infra,Kubernetes Platform issue reported by users,Multiple users reported issues related to kubernetes platform affecting normal operations.,Pod memory limit breach,Increased memory limits and redeployed pods,Resolved,Cloud Ops
INC100377,02-02-2024,P2,Email Service,Application,Email Service issue reported by users,Multiple users reported issues related to email service affecting normal operations.,SMTP relay memory leak,Restarted SMTP service and applied memory patch,Resolved,Messaging Team
INC100378,01-06-2024,P4,Authentication Service,Security,Authentication Service issue reported by users,Multiple users reported issues related to authentication service affecting normal operations.,Token service timeout,Restarted auth service and fixed timeout config,Closed,IAM Team
INC100379,21-04-2024,P3,Batch Processing,Application,Batch Processing issue reported by users,Multiple users reported issues related to batch processing affecting normal operations.,Job scheduler crash,Restarted scheduler and re-ran failed jobs,Resolved,Batch Ops
INC100380,26-05-2024,P1,Database Cluster,Database,Database Cluster issue reported by users,Multiple users reported issues related to database cluster affecting normal operations.,Primary node failover issue,Triggered manual failover and stabilized cluster,Closed,DBA Team
INC100381,17-11-2024,P1,Email Service,Application,Email Service issue reported by users,Multiple users reported issues related to email service affecting normal operations.,SMTP relay memory leak,Restarted SMTP service and applied memory patch,Resolved,Messaging Team
INC100382,12-09-2024,P3,Email Service,Application,Email Service issue reported by users,Multiple users reported issues related to email service affecting normal operations.,SMTP relay memory leak,Restarted SMTP service and applied memory patch,Resolved,Messaging Team
INC100383,12-05-2024,P1,Monitoring Tool,Infra,Monitoring Tool issue reported by users,Multiple users reported issues related to monitoring tool affecting normal operations.,Incorrect alert threshold,Updated threshold configuration,Closed,Infra Monitoring
INC100384,21-01-2024,P2,VPN Gateway,Network,VPN Gateway issue reported by users,Multiple users reported issues related to vpn gateway affecting normal operations.,Expired VPN certificate,Renewed certificate and restarted gateway,Resolved,Network Ops
INC100385,04-02-2025,P1,Monitoring Tool,Infra,Monitoring Tool issue reported by users,Multiple users reported issues related to monitoring tool affecting normal operations.,Incorrect alert threshold,Updated threshold configuration,Resolved,Infra Monitoring
INC100386,03-05-2024,P1,Monitoring Tool,Infra,Monitoring Tool issue reported by users,Multiple users reported issues related to monitoring tool affecting normal operations.,Incorrect alert threshold,Updated threshold configuration,Closed,Infra Monitoring
INC100387,27-08-2024,P3,VPN Gateway,Network,VPN Gateway issue reported by users,Multiple users reported issues related to vpn gateway affecting normal operations.,Expired VPN certificate,Renewed certificate and restarted gateway,Resolved,Network Ops
INC100388,11-10-2024,P4,VPN Gateway,Network,VPN Gateway issue reported by users,Multiple users reported issues related to vpn gateway affecting normal operations.,Expired VPN certificate,Renewed certificate and restarted gateway,Closed,Network Ops
INC100389,26-10-2024,P1,Database Cluster,Database,Database Cluster issue reported by users,Multiple users reported issues related to database cluster affecting normal operations.,Primary node failover issue,Triggered manual failover and stabilized cluster,Resolved,DBA Team
INC100390,23-11-2024,P1,Batch Processing,Application,Batch Processing issue reported by users,Multiple users reported issues related to batch processing affecting normal operations.,Job scheduler crash,Restarted scheduler and re-ran failed jobs,Closed,Batch Ops
INC100391,29-01-2024,P3,Kubernetes Platform,Infra,Kubernetes Platform issue reported by users,Multiple users reported issues related to kubernetes platform affecting normal operations.,Pod memory limit breach,Increased memory limits and redeployed pods,Resolved,Cloud Ops
INC100392,05-05-2024,P4,Database Cluster,Database,Database Cluster issue reported by users,Multiple users reported issues related to database cluster affecting normal operations.,Primary node failover issue,Triggered manual failover and stabilized cluster,Closed,DBA Team
INC100393,05-09-2024,P3,Monitoring Tool,Infra,Monitoring Tool issue reported by users,Multiple users reported issues related to monitoring tool affecting normal operations.,Incorrect alert threshold,Updated threshold configuration,Closed,Infra Monitoring
INC100394,03-12-2024,P4,Monitoring Tool,Infra,Monitoring Tool issue reported by users,Multiple users reported issues related to monitoring tool affecting normal operations.,Incorrect alert threshold,Updated threshold configuration,Resolved,Infra Monitoring
INC100395,20-04-2024,P1,Monitoring Tool,Infra,Monitoring Tool issue reported by users,Multiple users reported issues related to monitoring tool affecting normal operations.,Incorrect alert threshold,Updated threshold configuration,Closed,Infra Monitoring
INC100396,13-06-2024,P2,Customer API,Application,Customer API issue reported by users,Multiple users reported issues related to customer api affecting normal operations.,Connection pool exhaustion,Increased pool size and optimized queries,Closed,App Support
INC100397,16-09-2024,P1,VPN Gateway,Network,VPN Gateway issue reported by users,Multiple users reported issues related to vpn gateway affecting normal operations.,Expired VPN certificate,Renewed certificate and restarted gateway,Resolved,Network Ops
INC100398,28-01-2024,P3,Email Service,Application,Email Service issue reported by users,Multiple users reported issues related to email service affecting normal operations.,SMTP relay memory leak,Restarted SMTP service and applied memory patch,Resolved,Messaging Team
INC100399,27-01-2025,P2,Database Cluster,Database,Database Cluster issue reported by users,Multiple users reported issues related to database cluster affecting normal operations.,Primary node failover issue,Triggered manual failover and stabilized cluster,Closed,DBA Team
INC100400,29-11-2024,P4,Batch Processing,Application,Batch Processing issue reported by users,Multiple users reported issues related to batch processing affecting normal operations.,Job scheduler crash,Restarted scheduler and re-ran failed jobs,Resolved,Batch Ops
INC100401,30-10-2024,P2,VPN Gateway,Network,VPN Gateway issue reported by users,Multiple users reported issues related to vpn gateway affecting normal operations.,Expired VPN certificate,Renewed certificate and restarted gateway,Closed,Network Ops
INC100402,21-02-2024,P1,Batch Processing,Application,Batch Processing issue reported by users,Multiple users reported issues related to batch processing affecting normal operations.,Job scheduler crash,Restarted scheduler and re-ran failed jobs,Closed,Batch Ops
INC100403,13-06-2024,P4,VPN Gateway,Network,VPN Gateway issue reported by users,Multiple users reported issues related to vpn gateway affecting normal operations.,Expired VPN certificate,Renewed certificate and restarted gateway,Resolved,Network Ops
INC100404,27-09-2024,P2,Batch Processing,Application,Batch Processing issue reported by users,Multiple users reported issues related to batch processing affecting normal operations.,Job scheduler crash,Restarted scheduler and re-ran failed jobs,Resolved,Batch Ops
INC100405,23-02-2024,P3,Database Cluster,Database,Database Cluster issue reported by users,Multiple users reported issues related to database cluster affecting normal operations.,Primary node failover issue,Triggered manual failover and stabilized cluster,Resolved,DBA Team
INC100406,08-08-2024,P2,Database Cluster,Database,Database Cluster issue reported by users,Multiple users reported issues related to database cluster affecting normal operations.,Primary node failover issue,Triggered manual failover and stabilized cluster,Resolved,DBA Team
INC100407,22-05-2024,P4,Authentication Service,Security,Authentication Service issue reported by users,Multiple users reported issues related to authentication service affecting normal operations.,Token service timeout,Restarted auth service and fixed timeout config,Closed,IAM Team
INC100408,20-11-2024,P3,Batch Processing,Application,Batch Processing issue reported by users,Multiple users reported issues related to batch processing affecting normal operations.,Job scheduler crash,Restarted scheduler and re-ran failed jobs,Resolved,Batch Ops
INC100409,04-11-2024,P3,Batch Processing,Application,Batch Processing issue reported by users,Multiple users reported issues related to batch processing affecting normal operations.,Job scheduler crash,Restarted scheduler and re-ran failed jobs,Resolved,Batch Ops
INC100410,19-01-2025,P1,Customer API,Application,Customer API issue reported by users,Multiple users reported issues related to customer api affecting normal operations.,Connection pool exhaustion,Increased pool size and optimized queries,Closed,App Support
INC100411,20-08-2024,P3,Email Service,Application,Email Service issue reported by users,Multiple users reported issues related to email service affecting normal operations.,SMTP relay memory leak,Restarted SMTP service and applied memory patch,Closed,Messaging Team
INC100412,20-03-2024,P3,Authentication Service,Security,Authentication Service issue reported by users,Multiple users reported issues related to authentication service affecting normal operations.,Token service timeout,Restarted auth service and fixed timeout config,Closed,IAM Team
INC100413,15-05-2024,P4,Authentication Service,Security,Authentication Service issue reported by users,Multiple users reported issues related to authentication service affecting normal operations.,Token service timeout,Restarted auth service and fixed timeout config,Resolved,IAM Team
INC100414,04-05-2024,P2,Authentication Service,Security,Authentication Service issue reported by users,Multiple users reported issues related to authentication service affecting normal operations.,Token service timeout,Restarted auth service and fixed timeout config,Resolved,IAM Team
INC100415,19-09-2024,P2,Batch Processing,Application,Batch Processing issue reported by users,Multiple users reported issues related to batch processing affecting normal operations.,Job scheduler crash,Restarted scheduler and re-ran failed jobs,Closed,Batch Ops
INC100416,15-01-2025,P3,Kubernetes Platform,Infra,Kubernetes Platform issue reported by users,Multiple users reported issues related to kubernetes platform affecting normal operations.,Pod memory limit breach,Increased memory limits and redeployed pods,Closed,Cloud Ops
INC100417,04-07-2024,P1,Database Cluster,Database,Database Cluster issue reported by users,Multiple users reported issues related to database cluster affecting normal operations.,Primary node failover issue,Triggered manual failover and stabilized cluster,Closed,DBA Team
INC100418,29-09-2024,P3,Batch Processing,Application,Batch Processing issue reported by users,Multiple users reported issues related to batch processing affecting normal operations.,Job scheduler crash,Restarted scheduler and re-ran failed jobs,Closed,Batch Ops
INC100419,22-12-2024,P1,Customer API,Application,Customer API issue reported by users,Multiple users reported issues related to customer api affecting normal operations.,Connection pool exhaustion,Increased pool size and optimized queries,Closed,App Support
INC100420,23-10-2024,P3,Database Cluster,Database,Database Cluster issue reported by users,Multiple users reported issues related to database cluster affecting normal operations.,Primary node failover issue,Triggered manual failover and stabilized cluster,Closed,DBA Team
INC100421,01-10-2024,P2,Database Cluster,Database,Database Cluster issue reported by users,Multiple users reported issues related to database cluster affecting normal operations.,Primary node failover issue,Triggered manual failover and stabilized cluster,Closed,DBA Team
INC100422,22-01-2024,P1,Authentication Service,Security,Authentication Service issue reported by users,Multiple users reported issues related to authentication service affecting normal operations.,Token service timeout,Restarted auth service and fixed timeout config,Closed,IAM Team
INC100423,30-12-2024,P2,VPN Gateway,Network,VPN Gateway issue reported by users,Multiple users reported issues related to vpn gateway affecting normal operations.,Expired VPN certificate,Renewed certificate and restarted gateway,Resolved,Network Ops
INC100424,29-09-2024,P4,Database Cluster,Database,Database Cluster issue reported by users,Multiple users reported issues related to database cluster affecting normal operations.,Primary node failover issue,Triggered manual failover and stabilized cluster,Resolved,DBA Team
INC100425,03-10-2024,P1,Monitoring Tool,Infra,Monitoring Tool issue reported by users,Multiple users reported issues related to monitoring tool affecting normal operations.,Incorrect alert threshold,Updated threshold configuration,Closed,Infra Monitoring
INC100426,19-03-2024,P1,VPN Gateway,Network,VPN Gateway issue reported by users,Multiple users reported issues related to vpn gateway affecting normal operations.,Expired VPN certificate,Renewed certificate and restarted gateway,Closed,Network Ops
INC100427,22-07-2024,P1,Batch Processing,Application,Batch Processing issue reported by users,Multiple users reported issues related to batch processing affecting normal operations.,Job scheduler crash,Restarted scheduler and re-ran failed jobs,Resolved,Batch Ops
INC100428,23-05-2024,P2,Authentication Service,Security,Authentication Service issue reported by users,Multiple users reported issues related to authentication service affecting normal operations.,Token service timeout,Restarted auth service and fixed timeout config,Closed,IAM Team
INC100429,22-01-2024,P1,Monitoring Tool,Infra,Monitoring Tool issue reported by users,Multiple users reported issues related to monitoring tool affecting normal operations.,Incorrect alert threshold,Updated threshold configuration,Closed,Infra Monitoring
INC100430,23-02-2024,P2,Monitoring Tool,Infra,Monitoring Tool issue reported by users,Multiple users reported issues related to monitoring tool affecting normal operations.,Incorrect alert threshold,Updated threshold configuration,Resolved,Infra Monitoring
INC100431,17-07-2024,P3,Monitoring Tool,Infra,Monitoring Tool issue reported by users,Multiple users reported issues related to monitoring tool affecting normal operations.,Incorrect alert threshold,Updated threshold configuration,Closed,Infra Monitoring
INC100432,27-01-2024,P1,Batch Processing,Application,Batch Processing issue reported by users,Multiple users reported issues related to batch processing affecting normal operations.,Job scheduler crash,Restarted scheduler and re-ran failed jobs,Resolved,Batch Ops
INC100433,02-08-2024,P3,Monitoring Tool,Infra,Monitoring Tool issue reported by users,Multiple users reported issues related to monitoring tool affecting normal operations.,Incorrect alert threshold,Updated threshold configuration,Resolved,Infra Monitoring
INC100434,14-08-2024,P2,Customer API,Application,Customer API issue reported by users,Multiple users reported issues related to customer api affecting normal operations.,Connection pool exhaustion,Increased pool size and optimized queries,Closed,App Support
INC100435,18-01-2024,P1,Customer API,Application,Customer API issue reported by users,Multiple users reported issues related to customer api affecting normal operations.,Connection pool exhaustion,Increased pool size and optimized queries,Closed,App Support
INC100436,03-09-2024,P2,Batch Processing,Application,Batch Processing issue reported by users,Multiple users reported issues related to batch processing affecting normal operations.,Job scheduler crash,Restarted scheduler and re-ran failed jobs,Closed,Batch Ops
INC100437,15-02-2024,P2,Database Cluster,Database,Database Cluster issue reported by users,Multiple users reported issues related to database cluster affecting normal operations.,Primary node failover issue,Triggered manual failover and stabilized cluster,Resolved,DBA Team
INC100438,29-01-2024,P1,Email Service,Application,Email Service issue reported by users,Multiple users reported issues related to email service affecting normal operations.,SMTP relay memory leak,Restarted SMTP service and applied memory patch,Closed,Messaging Team
INC100439,01-03-2024,P1,Customer API,Application,Customer API issue reported by users,Multiple users reported issues related to customer api affecting normal operations.,Connection pool exhaustion,Increased pool size and optimized queries,Resolved,App Support
INC100440,01-07-2024,P4,Authentication Service,Security,Authentication Service issue reported by users,Multiple users reported issues related to authentication service affecting normal operations.,Token service timeout,Restarted auth service and fixed timeout config,Closed,IAM Team
INC100441,06-01-2025,P3,Monitoring Tool,Infra,Monitoring Tool issue reported by users,Multiple users reported issues related to monitoring tool affecting normal operations.,Incorrect alert threshold,Updated threshold configuration,Closed,Infra Monitoring
INC100442,12-10-2024,P3,Email Service,Application,Email Service issue reported by users,Multiple users reported issues related to email service affecting normal operations.,SMTP relay memory leak,Restarted SMTP service and applied memory patch,Resolved,Messaging Team
INC100443,25-06-2024,P1,Batch Processing,Application,Batch Processing issue reported by users,Multiple users reported issues related to batch processing affecting normal operations.,Job scheduler crash,Restarted scheduler and re-ran failed jobs,Closed,Batch Ops
INC100444,22-10-2024,P1,Database Cluster,Database,Database Cluster issue reported by users,Multiple users reported issues related to database cluster affecting normal operations.,Primary node failover issue,Triggered manual failover and stabilized cluster,Resolved,DBA Team
INC100445,06-10-2024,P3,Customer API,Application,Customer API issue reported by users,Multiple users reported issues related to customer api affecting normal operations.,Connection pool exhaustion,Increased pool size and optimized queries,Closed,App Support
INC100446,28-04-2024,P3,Authentication Service,Security,Authentication Service issue reported by users,Multiple users reported issues related to authentication service affecting normal operations.,Token service timeout,Restarted auth service and fixed timeout config,Resolved,IAM Team
INC100447,10-03-2024,P1,Authentication Service,Security,Authentication Service issue reported by users,Multiple users reported issues related to authentication service affecting normal operations.,Token service timeout,Restarted auth service and fixed timeout config,Resolved,IAM Team
INC100448,08-12-2024,P1,Email Service,Application,Email Service issue reported by users,Multiple users reported issues related to email service affecting normal operations.,SMTP relay memory leak,Restarted SMTP service and applied memory patch,Closed,Messaging Team
INC100449,20-09-2024,P2,Customer API,Application,Customer API issue reported by users,Multiple users reported issues related to customer api affecting normal operations.,Connection pool exhaustion,Increased pool size and optimized queries,Closed,App Support
INC100450,11-01-2025,P2,Database Cluster,Database,Database Cluster issue reported by users,Multiple users reported issues related to database cluster affecting normal operations.,Primary node failover issue,Triggered manual failover and stabilized cluster,Closed,DBA Team
INC100451,01-02-2025,P4,Monitoring Tool,Infra,Monitoring Tool issue reported by users,Multiple users reported issues related to monitoring tool affecting normal operations.,Incorrect alert threshold,Updated threshold configuration,Resolved,Infra Monitoring
INC100452,12-06-2024,P1,Authentication Service,Security,Authentication Service issue reported by users,Multiple users reported issues related to authentication service affecting normal operations.,Token service timeout,Restarted auth service and fixed timeout config,Resolved,IAM Team
INC100453,04-04-2024,P4,Kubernetes Platform,Infra,Kubernetes Platform issue reported by users,Multiple users reported issues related to kubernetes platform affecting normal operations.,Pod memory limit breach,Increased memory limits and redeployed pods,Resolved,Cloud Ops
INC100454,09-07-2024,P4,Email Service,Application,Email Service issue reported by users,Multiple users reported issues related to email service affecting normal operations.,SMTP relay memory leak,Restarted SMTP service and applied memory patch,Closed,Messaging Team
INC100455,21-05-2024,P3,Authentication Service,Security,Authentication Service issue reported by users,Multiple users reported issues related to authentication service affecting normal operations.,Token service timeout,Restarted auth service and fixed timeout config,Closed,IAM Team
INC100456,05-01-2024,P2,Kubernetes Platform,Infra,Kubernetes Platform issue reported by users,Multiple users reported issues related to kubernetes platform affecting normal operations.,Pod memory limit breach,Increased memory limits and redeployed pods,Resolved,Cloud Ops
INC100457,18-04-2024,P1,Email Service,Application,Email Service issue reported by users,Multiple users reported issues related to email service affecting normal operations.,SMTP relay memory leak,Restarted SMTP service and applied memory patch,Closed,Messaging Team
INC100458,24-01-2025,P3,Database Cluster,Database,Database Cluster issue reported by users,Multiple users reported issues related to database cluster affecting normal operations.,Primary node failover issue,Triggered manual failover and stabilized cluster,Resolved,DBA Team
INC100459,04-03-2024,P2,Database Cluster,Database,Database Cluster issue reported by users,Multiple users reported issues related to database cluster affecting normal operations.,Primary node failover issue,Triggered manual failover and stabilized cluster,Closed,DBA Team
INC100460,01-03-2024,P2,Email Service,Application,Email Service issue reported by users,Multiple users reported issues related to email service affecting normal operations.,SMTP relay memory leak,Restarted SMTP service and applied memory patch,Resolved,Messaging Team
INC100461,21-05-2024,P4,Authentication Service,Security,Authentication Service issue reported by users,Multiple users reported issues related to authentication service affecting normal operations.,Token service timeout,Restarted auth service and fixed timeout config,Resolved,IAM Team
INC100462,26-09-2024,P4,Customer API,Application,Customer API issue reported by users,Multiple users reported issues related to customer api affecting normal operations.,Connection pool exhaustion,Increased pool size and optimized queries,Closed,App Support
INC100463,19-01-2024,P3,Kubernetes Platform,Infra,Kubernetes Platform issue reported by users,Multiple users reported issues related to kubernetes platform affecting normal operations.,Pod memory limit breach,Increased memory limits and redeployed pods,Resolved,Cloud Ops
INC100464,25-02-2024,P1,Kubernetes Platform,Infra,Kubernetes Platform issue reported by users,Multiple users reported issues related to kubernetes platform affecting normal operations.,Pod memory limit breach,Increased memory limits and redeployed pods,Resolved,Cloud Ops
INC100465,06-11-2024,P3,Customer API,Application,Customer API issue reported by users,Multiple users reported issues related to customer api affecting normal operations.,Connection pool exhaustion,Increased pool size and optimized queries,Resolved,App Support
INC100466,26-04-2024,P3,Authentication Service,Security,Authentication Service issue reported by users,Multiple users reported issues related to authentication service affecting normal operations.,Token service timeout,Restarted auth service and fixed timeout config,Resolved,IAM Team
INC100467,09-07-2024,P2,VPN Gateway,Network,VPN Gateway issue reported by users,Multiple users reported issues related to vpn gateway affecting normal operations.,Expired VPN certificate,Renewed certificate and restarted gateway,Resolved,Network Ops
INC100468,02-03-2024,P1,Monitoring Tool,Infra,Monitoring Tool issue reported by users,Multiple users reported issues related to monitoring tool affecting normal operations.,Incorrect alert threshold,Updated threshold configuration,Closed,Infra Monitoring
INC100469,05-01-2025,P4,VPN Gateway,Network,VPN Gateway issue reported by users,Multiple users reported issues related to vpn gateway affecting normal operations.,Expired VPN certificate,Renewed certificate and restarted gateway,Closed,Network Ops
INC100470,02-08-2024,P3,Customer API,Application,Customer API issue reported by users,Multiple users reported issues related to customer api affecting normal operations.,Connection pool exhaustion,Increased pool size and optimized queries,Closed,App Support
INC100471,29-07-2024,P4,Kubernetes Platform,Infra,Kubernetes Platform issue reported by users,Multiple users reported issues related to kubernetes platform affecting normal operations.,Pod memory limit breach,Increased memory limits and redeployed pods,Closed,Cloud Ops
INC100472,06-01-2024,P3,Database Cluster,Database,Database Cluster issue reported by users,Multiple users reported issues related to database cluster affecting normal operations.,Primary node failover issue,Triggered manual failover and stabilized cluster,Closed,DBA Team
INC100473,23-03-2024,P3,VPN Gateway,Network,VPN Gateway issue reported by users,Multiple users reported issues related to vpn gateway affecting normal operations.,Expired VPN certificate,Renewed certificate and restarted gateway,Closed,Network Ops
INC100474,21-01-2024,P1,VPN Gateway,Network,VPN Gateway issue reported by users,Multiple users reported issues related to vpn gateway affecting normal operations.,Expired VPN certificate,Renewed certificate and restarted gateway,Closed,Network Ops
INC100475,22-07-2024,P2,Email Service,Application,Email Service issue reported by users,Multiple users reported issues related to email service affecting normal operations.,SMTP relay memory leak,Restarted SMTP service and applied memory patch,Resolved,Messaging Team
INC100476,28-10-2024,P3,Customer API,Application,Customer API issue reported by users,Multiple users reported issues related to customer api affecting normal operations.,Connection pool exhaustion,Increased pool size and optimized queries,Resolved,App Support
INC100477,14-01-2025,P1,Authentication Service,Security,Authentication Service issue reported by users,Multiple users reported issues related to authentication service affecting normal operations.,Token service timeout,Restarted auth service and fixed timeout config,Resolved,IAM Team
INC100478,09-09-2024,P2,Customer API,Application,Customer API issue reported by users,Multiple users reported issues related to customer api affecting normal operations.,Connection pool exhaustion,Increased pool size and optimized queries,Resolved,App Support
INC100479,21-07-2024,P2,Email Service,Application,Email Service issue reported by users,Multiple users reported issues related to email service affecting normal operations.,SMTP relay memory leak,Restarted SMTP service and applied memory patch,Closed,Messaging Team
INC100480,09-02-2024,P3,Batch Processing,Application,Batch Processing issue reported by users,Multiple users reported issues related to batch processing affecting normal operations.,Job scheduler crash,Restarted scheduler and re-ran failed jobs,Resolved,Batch Ops
INC100481,29-05-2024,P4,Monitoring Tool,Infra,Monitoring Tool issue reported by users,Multiple users reported issues related to monitoring tool affecting normal operations.,Incorrect alert threshold,Updated threshold configuration,Resolved,Infra Monitoring
INC100482,29-05-2024,P3,Customer API,Application,Customer API issue reported by users,Multiple users reported issues related to customer api affecting normal operations.,Connection pool exhaustion,Increased pool size and optimized queries,Resolved,App Support
INC100483,12-01-2025,P2,Kubernetes Platform,Infra,Kubernetes Platform issue reported by users,Multiple users reported issues related to kubernetes platform affecting normal operations.,Pod memory limit breach,Increased memory limits and redeployed pods,Resolved,Cloud Ops
INC100484,02-03-2024,P1,Customer API,Application,Customer API issue reported by users,Multiple users reported issues related to customer api affecting normal operations.,Connection pool exhaustion,Increased pool size and optimized queries,Closed,App Support
INC100485,01-01-2024,P3,Kubernetes Platform,Infra,Kubernetes Platform issue reported by users,Multiple users reported issues related to kubernetes platform affecting normal operations.,Pod memory limit breach,Increased memory limits and redeployed pods,Closed,Cloud Ops
INC100486,02-03-2024,P2,VPN Gateway,Network,VPN Gateway issue reported by users,Multiple users reported issues related to vpn gateway affecting normal operations.,Expired VPN certificate,Renewed certificate and restarted gateway,Closed,Network Ops
INC100487,15-09-2024,P1,Kubernetes Platform,Infra,Kubernetes Platform issue reported by users,Multiple users reported issues related to kubernetes platform affecting normal operations.,Pod memory limit breach,Increased memory limits and redeployed pods,Resolved,Cloud Ops
INC100488,23-02-2024,P4,Batch Processing,Application,Batch Processing issue reported by users,Multiple users reported issues related to batch processing affecting normal operations.,Job scheduler crash,Restarted scheduler and re-ran failed jobs,Resolved,Batch Ops
INC100489,26-12-2024,P2,Kubernetes Platform,Infra,Kubernetes Platform issue reported by users,Multiple users reported issues related to kubernetes platform affecting normal operations.,Pod memory limit breach,Increased memory limits and redeployed pods,Resolved,Cloud Ops
INC100490,29-05-2024,P1,Database Cluster,Database,Database Cluster issue reported by users,Multiple users reported issues related to database cluster affecting normal operations.,Primary node failover issue,Triggered manual failover and stabilized cluster,Closed,DBA Team
INC100491,14-11-2024,P4,Customer API,Application,Customer API issue reported by users,Multiple users reported issues related to customer api affecting normal operations.,Connection pool exhaustion,Increased pool size and optimized queries,Closed,App Support
INC100492,31-05-2024,P2,Kubernetes Platform,Infra,Kubernetes Platform issue reported by users,Multiple users reported issues related to kubernetes platform affecting normal operations.,Pod memory limit breach,Increased memory limits and redeployed pods,Closed,Cloud Ops
INC100493,19-01-2025,P2,Customer API,Application,Customer API issue reported by users,Multiple users reported issues related to customer api affecting normal operations.,Connection pool exhaustion,Increased pool size and optimized queries,Closed,App Support
INC100494,19-07-2024,P3,Database Cluster,Database,Database Cluster issue reported by users,Multiple users reported issues related to database cluster affecting normal operations.,Primary node failover issue,Triggered manual failover and stabilized cluster,Resolved,DBA Team
INC100495,08-06-2024,P1,Monitoring Tool,Infra,Monitoring Tool issue reported by users,Multiple users reported issues related to monitoring tool affecting normal operations.,Incorrect alert threshold,Updated threshold configuration,Resolved,Infra Monitoring
INC100496,22-04-2024,P1,Kubernetes Platform,Infra,Kubernetes Platform issue reported by users,Multiple users reported issues related to kubernetes platform affecting normal operations.,Pod memory limit breach,Increased memory limits and redeployed pods,Closed,Cloud Ops
INC100497,12-01-2024,P1,Monitoring Tool,Infra,Monitoring Tool issue reported by users,Multiple users reported issues related to monitoring tool affecting normal operations.,Incorrect alert threshold,Updated threshold configuration,Resolved,Infra Monitoring
INC100498,17-04-2024,P3,Monitoring Tool,Infra,Monitoring Tool issue reported by users,Multiple users reported issues related to monitoring tool affecting normal operations.,Incorrect alert threshold,Updated threshold configuration,Resolved,Infra Monitoring
INC100499,19-06-2024,P3,Kubernetes Platform,Infra,Kubernetes Platform issue reported by users,Multiple users reported issues related to kubernetes platform affecting normal operations.,Pod memory limit breach,Increased memory limits and redeployed pods,Resolved,Cloud Ops
INC100500,15-06-2024,P4,Customer API,Application,Customer API issue reported by users,Multiple users reported issues related to customer api affecting normal operations.,Connection pool exhaustion,Increased pool size and optimized queries,Resolved,App Support
INC100501,05-02-2024,P3,Authentication Service,Security,Authentication Service issue reported by users,Multiple users reported issues related to authentication service affecting normal operations.,Token service timeout,Restarted auth service and fixed timeout config,Closed,IAM Team
INC100502,01-03-2024,P2,Monitoring Tool,Infra,Monitoring Tool issue reported by users,Multiple users reported issues related to monitoring tool affecting normal operations.,Incorrect alert threshold,Updated threshold configuration,Resolved,Infra Monitoring
INC100503,26-10-2024,P3,VPN Gateway,Network,VPN Gateway issue reported by users,Multiple users reported issues related to vpn gateway affecting normal operations.,Expired VPN certificate,Renewed certificate and restarted gateway,Closed,Network Ops
INC100504,15-02-2024,P3,VPN Gateway,Network,VPN Gateway issue reported by users,Multiple users reported issues related to vpn gateway affecting normal operations.,Expired VPN certificate,Renewed certificate and restarted gateway,Resolved,Network Ops
INC100505,05-01-2025,P3,Email Service,Application,Email Service issue reported by users,Multiple users reported issues related to email service affecting normal operations.,SMTP relay memory leak,Restarted SMTP service and applied memory patch,Closed,Messaging Team
INC100506,22-03-2024,P4,Customer API,Application,Customer API issue reported by users,Multiple users reported issues related to customer api affecting normal operations.,Connection pool exhaustion,Increased pool size and optimized queries,Closed,App Support
INC100507,28-01-2024,P3,Kubernetes Platform,Infra,Kubernetes Platform issue reported by users,Multiple users reported issues related to kubernetes platform affecting normal operations.,Pod memory limit breach,Increased memory limits and redeployed pods,Closed,Cloud Ops
INC100508,17-08-2024,P4,Email Service,Application,Email Service issue reported by users,Multiple users reported issues related to email service affecting normal operations.,SMTP relay memory leak,Restarted SMTP service and applied memory patch,Closed,Messaging Team
INC100509,15-06-2024,P1,VPN Gateway,Network,VPN Gateway issue reported by users,Multiple users reported issues related to vpn gateway affecting normal operations.,Expired VPN certificate,Renewed certificate and restarted gateway,Closed,Network Ops
INC100510,29-01-2025,P1,Email Service,Application,Email Service issue reported by users,Multiple users reported issues related to email service affecting normal operations.,SMTP relay memory leak,Restarted SMTP service and applied memory patch,Resolved,Messaging Team
INC100511,14-10-2024,P1,Monitoring Tool,Infra,Monitoring Tool issue reported by users,Multiple users reported issues related to monitoring tool affecting normal operations.,Incorrect alert threshold,Updated threshold configuration,Closed,Infra Monitoring
INC100512,01-05-2024,P4,Authentication Service,Security,Authentication Service issue reported by users,Multiple users reported issues related to authentication service affecting normal operations.,Token service timeout,Restarted auth service and fixed timeout config,Resolved,IAM Team
INC100513,06-01-2025,P1,Customer API,Application,Customer API issue reported by users,Multiple users reported issues related to customer api affecting normal operations.,Connection pool exhaustion,Increased pool size and optimized queries,Resolved,App Support
INC100514,24-07-2024,P3,Authentication Service,Security,Authentication Service issue reported by users,Multiple users reported issues related to authentication service affecting normal operations.,Token service timeout,Restarted auth service and fixed timeout config,Resolved,IAM Team
INC100515,18-01-2025,P2,Batch Processing,Application,Batch Processing issue reported by users,Multiple users reported issues related to batch processing affecting normal operations.,Job scheduler crash,Restarted scheduler and re-ran failed jobs,Resolved,Batch Ops
INC100516,13-05-2024,P2,Authentication Service,Security,Authentication Service issue reported by users,Multiple users reported issues related to authentication service affecting normal operations.,Token service timeout,Restarted auth service and fixed timeout config,Closed,IAM Team
INC100517,03-02-2025,P4,Monitoring Tool,Infra,Monitoring Tool issue reported by users,Multiple users reported issues related to monitoring tool affecting normal operations.,Incorrect alert threshold,Updated threshold configuration,Closed,Infra Monitoring
INC100518,13-09-2024,P2,Customer API,Application,Customer API issue reported by users,Multiple users reported issues related to customer api affecting normal operations.,Connection pool exhaustion,Increased pool size and optimized queries,Closed,App Support
INC100519,11-01-2025,P1,Kubernetes Platform,Infra,Kubernetes Platform issue reported by users,Multiple users reported issues related to kubernetes platform affecting normal operations.,Pod memory limit breach,Increased memory limits and redeployed pods,Resolved,Cloud Ops
INC100520,07-10-2024,P2,Batch Processing,Application,Batch Processing issue reported by users,Multiple users reported issues related to batch processing affecting normal operations.,Job scheduler crash,Restarted scheduler and re-ran failed jobs,Resolved,Batch Ops
INC100521,22-01-2025,P3,Authentication Service,Security,Authentication Service issue reported by users,Multiple users reported issues related to authentication service affecting normal operations.,Token service timeout,Restarted auth service and fixed timeout config,Resolved,IAM Team
INC100522,23-05-2024,P3,Email Service,Application,Email Service issue reported by users,Multiple users reported issues related to email service affecting normal operations.,SMTP relay memory leak,Restarted SMTP service and applied memory patch,Closed,Messaging Team
INC100523,09-12-2024,P2,VPN Gateway,Network,VPN Gateway issue reported by users,Multiple users reported issues related to vpn gateway affecting normal operations.,Expired VPN certificate,Renewed certificate and restarted gateway,Resolved,Network Ops
INC100524,26-08-2024,P1,VPN Gateway,Network,VPN Gateway issue reported by users,Multiple users reported issues related to vpn gateway affecting normal operations.,Expired VPN certificate,Renewed certificate and restarted gateway,Closed,Network Ops
INC100525,09-10-2024,P4,Batch Processing,Application,Batch Processing issue reported by users,Multiple users reported issues related to batch processing affecting normal operations.,Job scheduler crash,Restarted scheduler and re-ran failed jobs,Closed,Batch Ops
INC100526,31-05-2024,P2,Email Service,Application,Email Service issue reported by users,Multiple users reported issues related to email service affecting normal operations.,SMTP relay memory leak,Restarted SMTP service and applied memory patch,Resolved,Messaging Team
INC100527,07-12-2024,P3,Customer API,Application,Customer API issue reported by users,Multiple users reported issues related to customer api affecting normal operations.,Connection pool exhaustion,Increased pool size and optimized queries,Closed,App Support
INC100528,04-09-2024,P4,Monitoring Tool,Infra,Monitoring Tool issue reported by users,Multiple users reported issues related to monitoring tool affecting normal operations.,Incorrect alert threshold,Updated threshold configuration,Closed,Infra Monitoring
INC100529,16-08-2024,P3,Kubernetes Platform,Infra,Kubernetes Platform issue reported by users,Multiple users reported issues related to kubernetes platform affecting normal operations.,Pod memory limit breach,Increased memory limits and redeployed pods,Resolved,Cloud Ops
INC100530,09-05-2024,P2,VPN Gateway,Network,VPN Gateway issue reported by users,Multiple users reported issues related to vpn gateway affecting normal operations.,Expired VPN certificate,Renewed certificate and restarted gateway,Closed,Network Ops
INC100531,31-01-2025,P3,Email Service,Application,Email Service issue reported by users,Multiple users reported issues related to email service affecting normal operations.,SMTP relay memory leak,Restarted SMTP service and applied memory patch,Closed,Messaging Team
INC100532,29-11-2024,P3,Email Service,Application,Email Service issue reported by users,Multiple users reported issues related to email service affecting normal operations.,SMTP relay memory leak,Restarted SMTP service and applied memory patch,Closed,Messaging Team
INC100533,14-02-2024,P3,VPN Gateway,Network,VPN Gateway issue reported by users,Multiple users reported issues related to vpn gateway affecting normal operations.,Expired VPN certificate,Renewed certificate and restarted gateway,Closed,Network Ops
INC100534,24-10-2024,P3,Database Cluster,Database,Database Cluster issue reported by users,Multiple users reported issues related to database cluster affecting normal operations.,Primary node failover issue,Triggered manual failover and stabilized cluster,Closed,DBA Team
INC100535,08-12-2024,P2,Database Cluster,Database,Database Cluster issue reported by users,Multiple users reported issues related to database cluster affecting normal operations.,Primary node failover issue,Triggered manual failover and stabilized cluster,Closed,DBA Team
INC100536,25-01-2025,P4,Kubernetes Platform,Infra,Kubernetes Platform issue reported by users,Multiple users reported issues related to kubernetes platform affecting normal operations.,Pod memory limit breach,Increased memory limits and redeployed pods,Resolved,Cloud Ops
INC100537,31-05-2024,P1,VPN Gateway,Network,VPN Gateway issue reported by users,Multiple users reported issues related to vpn gateway affecting normal operations.,Expired VPN certificate,Renewed certificate and restarted gateway,Closed,Network Ops
INC100538,01-06-2024,P2,Customer API,Application,Customer API issue reported by users,Multiple users reported issues related to customer api affecting normal operations.,Connection pool exhaustion,Increased pool size and optimized queries,Closed,App Support
INC100539,30-01-2024,P3,Email Service,Application,Email Service issue reported by users,Multiple users reported issues related to email service affecting normal operations.,SMTP relay memory leak,Restarted SMTP service and applied memory patch,Resolved,Messaging Team
INC100540,21-03-2024,P2,Database Cluster,Database,Database Cluster issue reported by users,Multiple users reported issues related to database cluster affecting normal operations.,Primary node failover issue,Triggered manual failover and stabilized cluster,Closed,DBA Team
INC100541,23-11-2024,P3,Database Cluster,Database,Database Cluster issue reported by users,Multiple users reported issues related to database cluster affecting normal operations.,Primary node failover issue,Triggered manual failover and stabilized cluster,Closed,DBA Team
INC100542,12-03-2024,P2,Email Service,Application,Email Service issue reported by users,Multiple users reported issues related to email service affecting normal operations.,SMTP relay memory leak,Restarted SMTP service and applied memory patch,Closed,Messaging Team
INC100543,22-07-2024,P1,Authentication Service,Security,Authentication Service issue reported by users,Multiple users reported issues related to authentication service affecting normal operations.,Token service timeout,Restarted auth service and fixed timeout config,Closed,IAM Team
INC100544,27-02-2024,P3,Batch Processing,Application,Batch Processing issue reported by users,Multiple users reported issues related to batch processing affecting normal operations.,Job scheduler crash,Restarted scheduler and re-ran failed jobs,Resolved,Batch Ops
INC100545,31-12-2024,P1,Database Cluster,Database,Database Cluster issue reported by users,Multiple users reported issues related to database cluster affecting normal operations.,Primary node failover issue,Triggered manual failover and stabilized cluster,Closed,DBA Team
INC100546,10-11-2024,P2,Customer API,Application,Customer API issue reported by users,Multiple users reported issues related to customer api affecting normal operations.,Connection pool exhaustion,Increased pool size and optimized queries,Resolved,App Support
INC100547,27-01-2024,P4,Database Cluster,Database,Database Cluster issue reported by users,Multiple users reported issues related to database cluster affecting normal operations.,Primary node failover issue,Triggered manual failover and stabilized cluster,Closed,DBA Team
INC100548,27-10-2024,P1,Monitoring Tool,Infra,Monitoring Tool issue reported by users,Multiple users reported issues related to monitoring tool affecting normal operations.,Incorrect alert threshold,Updated threshold configuration,Resolved,Infra Monitoring
INC100549,24-07-2024,P4,Monitoring Tool,Infra,Monitoring Tool issue reported by users,Multiple users reported issues related to monitoring tool affecting normal operations.,Incorrect alert threshold,Updated threshold configuration,Resolved,Infra Monitoring
INC100550,04-10-2024,P1,Kubernetes Platform,Infra,Kubernetes Platform issue reported by users,Multiple users reported issues related to kubernetes platform affecting normal operations.,Pod memory limit breach,Increased memory limits and redeployed pods,Closed,Cloud Ops
INC100551,19-12-2024,P3,Email Service,Application,Email Service issue reported by users,Multiple users reported issues related to email service affecting normal operations.,SMTP relay memory leak,Restarted SMTP service and applied memory patch,Closed,Messaging Team
INC100552,27-11-2024,P4,Authentication Service,Security,Authentication Service issue reported by users,Multiple users reported issues related to authentication service affecting normal operations.,Token service timeout,Restarted auth service and fixed timeout config,Closed,IAM Team
INC100553,15-12-2024,P4,Batch Processing,Application,Batch Processing issue reported by users,Multiple users reported issues related to batch processing affecting normal operations.,Job scheduler crash,Restarted scheduler and re-ran failed jobs,Resolved,Batch Ops
INC100554,18-09-2024,P2,Database Cluster,Database,Database Cluster issue reported by users,Multiple users reported issues related to database cluster affecting normal operations.,Primary node failover issue,Triggered manual failover and stabilized cluster,Resolved,DBA Team
INC100555,20-07-2024,P3,Batch Processing,Application,Batch Processing issue reported by users,Multiple users reported issues related to batch processing affecting normal operations.,Job scheduler crash,Restarted scheduler and re-ran failed jobs,Closed,Batch Ops
INC100556,31-07-2024,P1,Email Service,Application,Email Service issue reported by users,Multiple users reported issues related to email service affecting normal operations.,SMTP relay memory leak,Restarted SMTP service and applied memory patch,Resolved,Messaging Team
INC100557,24-05-2024,P3,Monitoring Tool,Infra,Monitoring Tool issue reported by users,Multiple users reported issues related to monitoring tool affecting normal operations.,Incorrect alert threshold,Updated threshold configuration,Closed,Infra Monitoring
INC100558,29-01-2025,P1,Database Cluster,Database,Database Cluster issue reported by users,Multiple users reported issues related to database cluster affecting normal operations.,Primary node failover issue,Triggered manual failover and stabilized cluster,Closed,DBA Team
INC100559,11-10-2024,P2,Customer API,Application,Customer API issue reported by users,Multiple users reported issues related to customer api affecting normal operations.,Connection pool exhaustion,Increased pool size and optimized queries,Closed,App Support
INC100560,24-06-2024,P3,Database Cluster,Database,Database Cluster issue reported by users,Multiple users reported issues related to database cluster affecting normal operations.,Primary node failover issue,Triggered manual failover and stabilized cluster,Closed,DBA Team
INC100561,26-07-2024,P1,Email Service,Application,Email Service issue reported by users,Multiple users reported issues related to email service affecting normal operations.,SMTP relay memory leak,Restarted SMTP service and applied memory patch,Resolved,Messaging Team
INC100562,08-01-2025,P2,Database Cluster,Database,Database Cluster issue reported by users,Multiple users reported issues related to database cluster affecting normal operations.,Primary node failover issue,Triggered manual failover and stabilized cluster,Closed,DBA Team
INC100563,30-05-2024,P3,Monitoring Tool,Infra,Monitoring Tool issue reported by users,Multiple users reported issues related to monitoring tool affecting normal operations.,Incorrect alert threshold,Updated threshold configuration,Closed,Infra Monitoring
INC100564,15-09-2024,P1,Database Cluster,Database,Database Cluster issue reported by users,Multiple users reported issues related to database cluster affecting normal operations.,Primary node failover issue,Triggered manual failover and stabilized cluster,Closed,DBA Team
INC100565,28-01-2024,P4,Kubernetes Platform,Infra,Kubernetes Platform issue reported by users,Multiple users reported issues related to kubernetes platform affecting normal operations.,Pod memory limit breach,Increased memory limits and redeployed pods,Resolved,Cloud Ops
INC100566,26-08-2024,P4,Batch Processing,Application,Batch Processing issue reported by users,Multiple users reported issues related to batch processing affecting normal operations.,Job scheduler crash,Restarted scheduler and re-ran failed jobs,Resolved,Batch Ops
INC100567,20-05-2024,P1,Batch Processing,Application,Batch Processing issue reported by users,Multiple users reported issues related to batch processing affecting normal operations.,Job scheduler crash,Restarted scheduler and re-ran failed jobs,Closed,Batch Ops
INC100568,11-11-2024,P1,Database Cluster,Database,Database Cluster issue reported by users,Multiple users reported issues related to database cluster affecting normal operations.,Primary node failover issue,Triggered manual failover and stabilized cluster,Resolved,DBA Team
INC100569,15-03-2024,P1,Customer API,Application,Customer API issue reported by users,Multiple users reported issues related to customer api affecting normal operations.,Connection pool exhaustion,Increased pool size and optimized queries,Closed,App Support
INC100570,17-10-2024,P1,Customer API,Application,Customer API issue reported by users,Multiple users reported issues related to customer api affecting normal operations.,Connection pool exhaustion,Increased pool size and optimized queries,Resolved,App Support
INC100571,08-01-2024,P4,Batch Processing,Application,Batch Processing issue reported by users,Multiple users reported issues related to batch processing affecting normal operations.,Job scheduler crash,Restarted scheduler and re-ran failed jobs,Closed,Batch Ops
INC100572,15-01-2024,P1,Authentication Service,Security,Authentication Service issue reported by users,Multiple users reported issues related to authentication service affecting normal operations.,Token service timeout,Restarted auth service and fixed timeout config,Closed,IAM Team
INC100573,17-12-2024,P3,Customer API,Application,Customer API issue reported by users,Multiple users reported issues related to customer api affecting normal operations.,Connection pool exhaustion,Increased pool size and optimized queries,Resolved,App Support
INC100574,07-12-2024,P3,VPN Gateway,Network,VPN Gateway issue reported by users,Multiple users reported issues related to vpn gateway affecting normal operations.,Expired VPN certificate,Renewed certificate and restarted gateway,Resolved,Network Ops
INC100575,15-12-2024,P4,Email Service,Application,Email Service issue reported by users,Multiple users reported issues related to email service affecting normal operations.,SMTP relay memory leak,Restarted SMTP service and applied memory patch,Closed,Messaging Team
INC100576,05-08-2024,P4,Database Cluster,Database,Database Cluster issue reported by users,Multiple users reported issues related to database cluster affecting normal operations.,Primary node failover issue,Triggered manual failover and stabilized cluster,Resolved,DBA Team
INC100577,28-08-2024,P2,Database Cluster,Database,Database Cluster issue reported by users,Multiple users reported issues related to database cluster affecting normal operations.,Primary node failover issue,Triggered manual failover and stabilized cluster,Closed,DBA Team
INC100578,15-10-2024,P2,Authentication Service,Security,Authentication Service issue reported by users,Multiple users reported issues related to authentication service affecting normal operations.,Token service timeout,Restarted auth service and fixed timeout config,Closed,IAM Team
INC100579,13-02-2024,P2,Authentication Service,Security,Authentication Service issue reported by users,Multiple users reported issues related to authentication service affecting normal operations.,Token service timeout,Restarted auth service and fixed timeout config,Closed,IAM Team
INC100580,06-06-2024,P3,Database Cluster,Database,Database Cluster issue reported by users,Multiple users reported issues related to database cluster affecting normal operations.,Primary node failover issue,Triggered manual failover and stabilized cluster,Closed,DBA Team
INC100581,11-02-2024,P3,VPN Gateway,Network,VPN Gateway issue reported by users,Multiple users reported issues related to vpn gateway affecting normal operations.,Expired VPN certificate,Renewed certificate and restarted gateway,Closed,Network Ops
INC100582,27-12-2024,P4,Monitoring Tool,Infra,Monitoring Tool issue reported by users,Multiple users reported issues related to monitoring tool affecting normal operations.,Incorrect alert threshold,Updated threshold configuration,Resolved,Infra Monitoring
INC100583,16-05-2024,P1,Authentication Service,Security,Authentication Service issue reported by users,Multiple users reported issues related to authentication service affecting normal operations.,Token service timeout,Restarted auth service and fixed timeout config,Resolved,IAM Team
INC100584,22-07-2024,P3,Monitoring Tool,Infra,Monitoring Tool issue reported by users,Multiple users reported issues related to monitoring tool affecting normal operations.,Incorrect alert threshold,Updated threshold configuration,Closed,Infra Monitoring
INC100585,27-06-2024,P1,Database Cluster,Database,Database Cluster issue reported by users,Multiple users reported issues related to database cluster affecting normal operations.,Primary node failover issue,Triggered manual failover and stabilized cluster,Resolved,DBA Team
INC100586,22-01-2025,P2,Customer API,Application,Customer API issue reported by users,Multiple users reported issues related to customer api affecting normal operations.,Connection pool exhaustion,Increased pool size and optimized queries,Resolved,App Support
INC100587,18-07-2024,P3,Monitoring Tool,Infra,Monitoring Tool issue reported by users,Multiple users reported issues related to monitoring tool affecting normal operations.,Incorrect alert threshold,Updated threshold configuration,Resolved,Infra Monitoring
INC100588,14-11-2024,P2,Kubernetes Platform,Infra,Kubernetes Platform issue reported by users,Multiple users reported issues related to kubernetes platform affecting normal operations.,Pod memory limit breach,Increased memory limits and redeployed pods,Resolved,Cloud Ops
INC100589,27-01-2025,P3,VPN Gateway,Network,VPN Gateway issue reported by users,Multiple users reported issues related to vpn gateway affecting normal operations.,Expired VPN certificate,Renewed certificate and restarted gateway,Resolved,Network Ops
INC100590,30-10-2024,P1,Batch Processing,Application,Batch Processing issue reported by users,Multiple users reported issues related to batch processing affecting normal operations.,Job scheduler crash,Restarted scheduler and re-ran failed jobs,Resolved,Batch Ops
INC100591,17-04-2024,P4,Monitoring Tool,Infra,Monitoring Tool issue reported by users,Multiple users reported issues related to monitoring tool affecting normal operations.,Incorrect alert threshold,Updated threshold configuration,Closed,Infra Monitoring
INC100592,17-08-2024,P3,Authentication Service,Security,Authentication Service issue reported by users,Multiple users reported issues related to authentication service affecting normal operations.,Token service timeout,Restarted auth service and fixed timeout config,Closed,IAM Team
INC100593,01-01-2024,P1,VPN Gateway,Network,VPN Gateway issue reported by users,Multiple users reported issues related to vpn gateway affecting normal operations.,Expired VPN certificate,Renewed certificate and restarted gateway,Resolved,Network Ops
INC100594,01-11-2024,P3,VPN Gateway,Network,VPN Gateway issue reported by users,Multiple users reported issues related to vpn gateway affecting normal operations.,Expired VPN certificate,Renewed certificate and restarted gateway,Closed,Network Ops
INC100595,22-02-2024,P2,Email Service,Application,Email Service issue reported by users,Multiple users reported issues related to email service affecting normal operations.,SMTP relay memory leak,Restarted SMTP service and applied memory patch,Closed,Messaging Team
INC100596,01-06-2024,P3,Kubernetes Platform,Infra,Kubernetes Platform issue reported by users,Multiple users reported issues related to kubernetes platform affecting normal operations.,Pod memory limit breach,Increased memory limits and redeployed pods,Resolved,Cloud Ops
INC100597,08-01-2024,P1,Customer API,Application,Customer API issue reported by users,Multiple users reported issues related to customer api affecting normal operations.,Connection pool exhaustion,Increased pool size and optimized queries,Closed,App Support
INC100598,28-08-2024,P3,Customer API,Application,Customer API issue reported by users,Multiple users reported issues related to customer api affecting normal operations.,Connection pool exhaustion,Increased pool size and optimized queries,Closed,App Support
INC100599,07-01-2024,P4,Authentication Service,Security,Authentication Service issue reported by users,Multiple users reported issues related to authentication service affecting normal operations.,Token service timeout,Restarted auth service and fixed timeout config,Resolved,IAM Team
INC100600,06-12-2024,P3,Kubernetes Platform,Infra,Kubernetes Platform issue reported by users,Multiple users reported issues related to kubernetes platform affecting normal operations.,Pod memory limit breach,Increased memory limits and redeployed pods,Resolved,Cloud Ops
INC100601,23-01-2025,P2,Email Service,Application,Email Service issue reported by users,Multiple users reported issues related to email service affecting normal operations.,SMTP relay memory leak,Restarted SMTP service and applied memory patch,Closed,Messaging Team
INC100602,13-06-2024,P3,Monitoring Tool,Infra,Monitoring Tool issue reported by users,Multiple users reported issues related to monitoring tool affecting normal operations.,Incorrect alert threshold,Updated threshold configuration,Closed,Infra Monitoring
INC100603,04-11-2024,P1,Database Cluster,Database,Database Cluster issue reported by users,Multiple users reported issues related to database cluster affecting normal operations.,Primary node failover issue,Triggered manual failover and stabilized cluster,Closed,DBA Team
INC100604,18-07-2024,P2,VPN Gateway,Network,VPN Gateway issue reported by users,Multiple users reported issues related to vpn gateway affecting normal operations.,Expired VPN certificate,Renewed certificate and restarted gateway,Resolved,Network Ops
INC100605,11-12-2024,P2,VPN Gateway,Network,VPN Gateway issue reported by users,Multiple users reported issues related to vpn gateway affecting normal operations.,Expired VPN certificate,Renewed certificate and restarted gateway,Closed,Network Ops
INC100606,06-12-2024,P2,Monitoring Tool,Infra,Monitoring Tool issue reported by users,Multiple users reported issues related to monitoring tool affecting normal operations.,Incorrect alert threshold,Updated threshold configuration,Resolved,Infra Monitoring
INC100607,01-12-2024,P1,VPN Gateway,Network,VPN Gateway issue reported by users,Multiple users reported issues related to vpn gateway affecting normal operations.,Expired VPN certificate,Renewed certificate and restarted gateway,Resolved,Network Ops
INC100608,01-03-2024,P3,Kubernetes Platform,Infra,Kubernetes Platform issue reported by users,Multiple users reported issues related to kubernetes platform affecting normal operations.,Pod memory limit breach,Increased memory limits and redeployed pods,Resolved,Cloud Ops
INC100609,15-07-2024,P2,Customer API,Application,Customer API issue reported by users,Multiple users reported issues related to customer api affecting normal operations.,Connection pool exhaustion,Increased pool size and optimized queries,Closed,App Support
INC100610,08-05-2024,P1,VPN Gateway,Network,VPN Gateway issue reported by users,Multiple users reported issues related to vpn gateway affecting normal operations.,Expired VPN certificate,Renewed certificate and restarted gateway,Closed,Network Ops
INC100611,26-05-2024,P1,Kubernetes Platform,Infra,Kubernetes Platform issue reported by users,Multiple users reported issues related to kubernetes platform affecting normal operations.,Pod memory limit breach,Increased memory limits and redeployed pods,Closed,Cloud Ops
INC100612,02-11-2024,P2,Monitoring Tool,Infra,Monitoring Tool issue reported by users,Multiple users reported issues related to monitoring tool affecting normal operations.,Incorrect alert threshold,Updated threshold configuration,Resolved,Infra Monitoring
INC100613,29-04-2024,P2,Batch Processing,Application,Batch Processing issue reported by users,Multiple users reported issues related to batch processing affecting normal operations.,Job scheduler crash,Restarted scheduler and re-ran failed jobs,Resolved,Batch Ops
INC100614,01-02-2025,P4,VPN Gateway,Network,VPN Gateway issue reported by users,Multiple users reported issues related to vpn gateway affecting normal operations.,Expired VPN certificate,Renewed certificate and restarted gateway,Resolved,Network Ops
INC100615,09-04-2024,P3,Database Cluster,Database,Database Cluster issue reported by users,Multiple users reported issues related to database cluster affecting normal operations.,Primary node failover issue,Triggered manual failover and stabilized cluster,Resolved,DBA Team
INC100616,31-08-2024,P2,Customer API,Application,Customer API issue reported by users,Multiple users reported issues related to customer api affecting normal operations.,Connection pool exhaustion,Increased pool size and optimized queries,Closed,App Support
INC100617,25-12-2024,P4,Email Service,Application,Email Service issue reported by users,Multiple users reported issues related to email service affecting normal operations.,SMTP relay memory leak,Restarted SMTP service and applied memory patch,Closed,Messaging Team
INC100618,13-05-2024,P2,VPN Gateway,Network,VPN Gateway issue reported by users,Multiple users reported issues related to vpn gateway affecting normal operations.,Expired VPN certificate,Renewed certificate and restarted gateway,Closed,Network Ops
INC100619,12-11-2024,P4,Email Service,Application,Email Service issue reported by users,Multiple users reported issues related to email service affecting normal operations.,SMTP relay memory leak,Restarted SMTP service and applied memory patch,Closed,Messaging Team
INC100620,22-04-2024,P1,Batch Processing,Application,Batch Processing issue reported by users,Multiple users reported issues related to batch processing affecting normal operations.,Job scheduler crash,Restarted scheduler and re-ran failed jobs,Resolved,Batch Ops
INC100621,27-04-2024,P1,Email Service,Application,Email Service issue reported by users,Multiple users reported issues related to email service affecting normal operations.,SMTP relay memory leak,Restarted SMTP service and applied memory patch,Resolved,Messaging Team
INC100622,17-01-2025,P1,VPN Gateway,Network,VPN Gateway issue reported by users,Multiple users reported issues related to vpn gateway affecting normal operations.,Expired VPN certificate,Renewed certificate and restarted gateway,Resolved,Network Ops
INC100623,01-08-2024,P4,Database Cluster,Database,Database Cluster issue reported by users,Multiple users reported issues related to database cluster affecting normal operations.,Primary node failover issue,Triggered manual failover and stabilized cluster,Closed,DBA Team
INC100624,22-02-2024,P1,Kubernetes Platform,Infra,Kubernetes Platform issue reported by users,Multiple users reported issues related to kubernetes platform affecting normal operations.,Pod memory limit breach,Increased memory limits and redeployed pods,Resolved,Cloud Ops
INC100625,01-08-2024,P1,VPN Gateway,Network,VPN Gateway issue reported by users,Multiple users reported issues related to vpn gateway affecting normal operations.,Expired VPN certificate,Renewed certificate and restarted gateway,Closed,Network Ops
INC100626,15-05-2024,P2,Database Cluster,Database,Database Cluster issue reported by users,Multiple users reported issues related to database cluster affecting normal operations.,Primary node failover issue,Triggered manual failover and stabilized cluster,Resolved,DBA Team
INC100627,16-07-2024,P4,Customer API,Application,Customer API issue reported by users,Multiple users reported issues related to customer api affecting normal operations.,Connection pool exhaustion,Increased pool size and optimized queries,Resolved,App Support
INC100628,06-10-2024,P1,Customer API,Application,Customer API issue reported by users,Multiple users reported issues related to customer api affecting normal operations.,Connection pool exhaustion,Increased pool size and optimized queries,Closed,App Support
INC100629,29-11-2024,P1,Customer API,Application,Customer API issue reported by users,Multiple users reported issues related to customer api affecting normal operations.,Connection pool exhaustion,Increased pool size and optimized queries,Resolved,App Support
INC100630,20-03-2024,P2,Kubernetes Platform,Infra,Kubernetes Platform issue reported by users,Multiple users reported issues related to kubernetes platform affecting normal operations.,Pod memory limit breach,Increased memory limits and redeployed pods,Closed,Cloud Ops
INC100631,16-07-2024,P1,Monitoring Tool,Infra,Monitoring Tool issue reported by users,Multiple users reported issues related to monitoring tool affecting normal operations.,Incorrect alert threshold,Updated threshold configuration,Resolved,Infra Monitoring
INC100632,28-05-2024,P2,Email Service,Application,Email Service issue reported by users,Multiple users reported issues related to email service affecting normal operations.,SMTP relay memory leak,Restarted SMTP service and applied memory patch,Resolved,Messaging Team
INC100633,26-02-2024,P2,Batch Processing,Application,Batch Processing issue reported by users,Multiple users reported issues related to batch processing affecting normal operations.,Job scheduler crash,Restarted scheduler and re-ran failed jobs,Closed,Batch Ops
INC100634,28-10-2024,P1,Customer API,Application,Customer API issue reported by users,Multiple users reported issues related to customer api affecting normal operations.,Connection pool exhaustion,Increased pool size and optimized queries,Closed,App Support
INC100635,28-08-2024,P4,Batch Processing,Application,Batch Processing issue reported by users,Multiple users reported issues related to batch processing affecting normal operations.,Job scheduler crash,Restarted scheduler and re-ran failed jobs,Closed,Batch Ops
INC100636,19-07-2024,P1,Authentication Service,Security,Authentication Service issue reported by users,Multiple users reported issues related to authentication service affecting normal operations.,Token service timeout,Restarted auth service and fixed timeout config,Closed,IAM Team
INC100637,22-04-2024,P2,Email Service,Application,Email Service issue reported by users,Multiple users reported issues related to email service affecting normal operations.,SMTP relay memory leak,Restarted SMTP service and applied memory patch,Closed,Messaging Team
INC100638,12-04-2024,P1,Kubernetes Platform,Infra,Kubernetes Platform issue reported by users,Multiple users reported issues related to kubernetes platform affecting normal operations.,Pod memory limit breach,Increased memory limits and redeployed pods,Closed,Cloud Ops
INC100639,19-10-2024,P2,Database Cluster,Database,Database Cluster issue reported by users,Multiple users reported issues related to database cluster affecting normal operations.,Primary node failover issue,Triggered manual failover and stabilized cluster,Resolved,DBA Team
INC100640,29-10-2024,P2,Kubernetes Platform,Infra,Kubernetes Platform issue reported by users,Multiple users reported issues related to kubernetes platform affecting normal operations.,Pod memory limit breach,Increased memory limits and redeployed pods,Resolved,Cloud Ops
INC100641,08-02-2024,P1,Monitoring Tool,Infra,Monitoring Tool issue reported by users,Multiple users reported issues related to monitoring tool affecting normal operations.,Incorrect alert threshold,Updated threshold configuration,Closed,Infra Monitoring
INC100642,28-09-2024,P4,VPN Gateway,Network,VPN Gateway issue reported by users,Multiple users reported issues related to vpn gateway affecting normal operations.,Expired VPN certificate,Renewed certificate and restarted gateway,Closed,Network Ops
INC100643,11-12-2024,P3,Batch Processing,Application,Batch Processing issue reported by users,Multiple users reported issues related to batch processing affecting normal operations.,Job scheduler crash,Restarted scheduler and re-ran failed jobs,Closed,Batch Ops
INC100644,23-01-2024,P2,VPN Gateway,Network,VPN Gateway issue reported by users,Multiple users reported issues related to vpn gateway affecting normal operations.,Expired VPN certificate,Renewed certificate and restarted gateway,Resolved,Network Ops
INC100645,30-01-2024,P4,Database Cluster,Database,Database Cluster issue reported by users,Multiple users reported issues related to database cluster affecting normal operations.,Primary node failover issue,Triggered manual failover and stabilized cluster,Closed,DBA Team
INC100646,09-05-2024,P1,Customer API,Application,Customer API issue reported by users,Multiple users reported issues related to customer api affecting normal operations.,Connection pool exhaustion,Increased pool size and optimized queries,Closed,App Support
INC100647,08-01-2025,P3,Batch Processing,Application,Batch Processing issue reported by users,Multiple users reported issues related to batch processing affecting normal operations.,Job scheduler crash,Restarted scheduler and re-ran failed jobs,Closed,Batch Ops
INC100648,16-09-2024,P4,VPN Gateway,Network,VPN Gateway issue reported by users,Multiple users reported issues related to vpn gateway affecting normal operations.,Expired VPN certificate,Renewed certificate and restarted gateway,Closed,Network Ops
INC100649,28-03-2024,P2,Database Cluster,Database,Database Cluster issue reported by users,Multiple users reported issues related to database cluster affecting normal operations.,Primary node failover issue,Triggered manual failover and stabilized cluster,Resolved,DBA Team
INC100650,13-10-2024,P3,Customer API,Application,Customer API issue reported by users,Multiple users reported issues related to customer api affecting normal operations.,Connection pool exhaustion,Increased pool size and optimized queries,Resolved,App Support
INC100651,28-11-2024,P3,Email Service,Application,Email Service issue reported by users,Multiple users reported issues related to email service affecting normal operations.,SMTP relay memory leak,Restarted SMTP service and applied memory patch,Closed,Messaging Team
INC100652,22-08-2024,P3,Monitoring Tool,Infra,Monitoring Tool issue reported by users,Multiple users reported issues related to monitoring tool affecting normal operations.,Incorrect alert threshold,Updated threshold configuration,Resolved,Infra Monitoring
INC100653,21-04-2024,P1,Email Service,Application,Email Service issue reported by users,Multiple users reported issues related to email service affecting normal operations.,SMTP relay memory leak,Restarted SMTP service and applied memory patch,Closed,Messaging Team
INC100654,08-05-2024,P3,Customer API,Application,Customer API issue reported by users,Multiple users reported issues related to customer api affecting normal operations.,Connection pool exhaustion,Increased pool size and optimized queries,Closed,App Support
INC100655,13-01-2024,P3,VPN Gateway,Network,VPN Gateway issue reported by users,Multiple users reported issues related to vpn gateway affecting normal operations.,Expired VPN certificate,Renewed certificate and restarted gateway,Resolved,Network Ops
INC100656,06-05-2024,P3,VPN Gateway,Network,VPN Gateway issue reported by users,Multiple users reported issues related to vpn gateway affecting normal operations.,Expired VPN certificate,Renewed certificate and restarted gateway,Closed,Network Ops
INC100657,18-01-2025,P1,Monitoring Tool,Infra,Monitoring Tool issue reported by users,Multiple users reported issues related to monitoring tool affecting normal operations.,Incorrect alert threshold,Updated threshold configuration,Resolved,Infra Monitoring
INC100658,05-05-2024,P2,Kubernetes Platform,Infra,Kubernetes Platform issue reported by users,Multiple users reported issues related to kubernetes platform affecting normal operations.,Pod memory limit breach,Increased memory limits and redeployed pods,Closed,Cloud Ops
INC100659,05-02-2024,P3,Kubernetes Platform,Infra,Kubernetes Platform issue reported by users,Multiple users reported issues related to kubernetes platform affecting normal operations.,Pod memory limit breach,Increased memory limits and redeployed pods,Resolved,Cloud Ops
INC100660,15-11-2024,P1,Authentication Service,Security,Authentication Service issue reported by users,Multiple users reported issues related to authentication service affecting normal operations.,Token service timeout,Restarted auth service and fixed timeout config,Resolved,IAM Team
INC100661,10-08-2024,P3,Database Cluster,Database,Database Cluster issue reported by users,Multiple users reported issues related to database cluster affecting normal operations.,Primary node failover issue,Triggered manual failover and stabilized cluster,Closed,DBA Team
INC100662,20-03-2024,P3,Database Cluster,Database,Database Cluster issue reported by users,Multiple users reported issues related to database cluster affecting normal operations.,Primary node failover issue,Triggered manual failover and stabilized cluster,Resolved,DBA Team
INC100663,08-02-2024,P3,Batch Processing,Application,Batch Processing issue reported by users,Multiple users reported issues related to batch processing affecting normal operations.,Job scheduler crash,Restarted scheduler and re-ran failed jobs,Closed,Batch Ops
INC100664,23-11-2024,P1,Batch Processing,Application,Batch Processing issue reported by users,Multiple users reported issues related to batch processing affecting normal operations.,Job scheduler crash,Restarted scheduler and re-ran failed jobs,Closed,Batch Ops
INC100665,29-06-2024,P1,Kubernetes Platform,Infra,Kubernetes Platform issue reported by users,Multiple users reported issues related to kubernetes platform affecting normal operations.,Pod memory limit breach,Increased memory limits and redeployed pods,Closed,Cloud Ops
INC100666,26-05-2024,P4,Database Cluster,Database,Database Cluster issue reported by users,Multiple users reported issues related to database cluster affecting normal operations.,Primary node failover issue,Triggered manual failover and stabilized cluster,Resolved,DBA Team
INC100667,26-10-2024,P1,Database Cluster,Database,Database Cluster issue reported by users,Multiple users reported issues related to database cluster affecting normal operations.,Primary node failover issue,Triggered manual failover and stabilized cluster,Resolved,DBA Team
INC100668,23-04-2024,P1,Batch Processing,Application,Batch Processing issue reported by users,Multiple users reported issues related to batch processing affecting normal operations.,Job scheduler crash,Restarted scheduler and re-ran failed jobs,Closed,Batch Ops
INC100669,31-10-2024,P3,Authentication Service,Security,Authentication Service issue reported by users,Multiple users reported issues related to authentication service affecting normal operations.,Token service timeout,Restarted auth service and fixed timeout config,Closed,IAM Team
INC100670,15-06-2024,P2,Batch Processing,Application,Batch Processing issue reported by users,Multiple users reported issues related to batch processing affecting normal operations.,Job scheduler crash,Restarted scheduler and re-ran failed jobs,Resolved,Batch Ops
INC100671,16-08-2024,P4,Monitoring Tool,Infra,Monitoring Tool issue reported by users,Multiple users reported issues related to monitoring tool affecting normal operations.,Incorrect alert threshold,Updated threshold configuration,Resolved,Infra Monitoring
INC100672,13-05-2024,P3,Batch Processing,Application,Batch Processing issue reported by users,Multiple users reported issues related to batch processing affecting normal operations.,Job scheduler crash,Restarted scheduler and re-ran failed jobs,Closed,Batch Ops
INC100673,03-02-2024,P1,Customer API,Application,Customer API issue reported by users,Multiple users reported issues related to customer api affecting normal operations.,Connection pool exhaustion,Increased pool size and optimized queries,Closed,App Support
INC100674,02-01-2024,P1,Kubernetes Platform,Infra,Kubernetes Platform issue reported by users,Multiple users reported issues related to kubernetes platform affecting normal operations.,Pod memory limit breach,Increased memory limits and redeployed pods,Closed,Cloud Ops
INC100675,11-01-2024,P1,Email Service,Application,Email Service issue reported by users,Multiple users reported issues related to email service affecting normal operations.,SMTP relay memory leak,Restarted SMTP service and applied memory patch,Closed,Messaging Team
INC100676,24-03-2024,P3,Batch Processing,Application,Batch Processing issue reported by users,Multiple users reported issues related to batch processing affecting normal operations.,Job scheduler crash,Restarted scheduler and re-ran failed jobs,Resolved,Batch Ops
INC100677,11-11-2024,P3,Email Service,Application,Email Service issue reported by users,Multiple users reported issues related to email service affecting normal operations.,SMTP relay memory leak,Restarted SMTP service and applied memory patch,Closed,Messaging Team
INC100678,19-07-2024,P3,Batch Processing,Application,Batch Processing issue reported by users,Multiple users reported issues related to batch processing affecting normal operations.,Job scheduler crash,Restarted scheduler and re-ran failed jobs,Resolved,Batch Ops
INC100679,04-09-2024,P1,Authentication Service,Security,Authentication Service issue reported by users,Multiple users reported issues related to authentication service affecting normal operations.,Token service timeout,Restarted auth service and fixed timeout config,Closed,IAM Team
INC100680,09-07-2024,P3,Customer API,Application,Customer API issue reported by users,Multiple users reported issues related to customer api affecting normal operations.,Connection pool exhaustion,Increased pool size and optimized queries,Closed,App Support
INC100681,05-07-2024,P3,Customer API,Application,Customer API issue reported by users,Multiple users reported issues related to customer api affecting normal operations.,Connection pool exhaustion,Increased pool size and optimized queries,Closed,App Support
INC100682,23-08-2024,P4,VPN Gateway,Network,VPN Gateway issue reported by users,Multiple users reported issues related to vpn gateway affecting normal operations.,Expired VPN certificate,Renewed certificate and restarted gateway,Closed,Network Ops
INC100683,17-11-2024,P2,VPN Gateway,Network,VPN Gateway issue reported by users,Multiple users reported issues related to vpn gateway affecting normal operations.,Expired VPN certificate,Renewed certificate and restarted gateway,Resolved,Network Ops
INC100684,04-02-2024,P2,Email Service,Application,Email Service issue reported by users,Multiple users reported issues related to email service affecting normal operations.,SMTP relay memory leak,Restarted SMTP service and applied memory patch,Closed,Messaging Team
INC100685,05-01-2025,P3,Batch Processing,Application,Batch Processing issue reported by users,Multiple users reported issues related to batch processing affecting normal operations.,Job scheduler crash,Restarted scheduler and re-ran failed jobs,Closed,Batch Ops
INC100686,07-02-2024,P4,Kubernetes Platform,Infra,Kubernetes Platform issue reported by users,Multiple users reported issues related to kubernetes platform affecting normal operations.,Pod memory limit breach,Increased memory limits and redeployed pods,Resolved,Cloud Ops
INC100687,14-11-2024,P4,Monitoring Tool,Infra,Monitoring Tool issue reported by users,Multiple users reported issues related to monitoring tool affecting normal operations.,Incorrect alert threshold,Updated threshold configuration,Closed,Infra Monitoring
INC100688,27-02-2024,P2,Batch Processing,Application,Batch Processing issue reported by users,Multiple users reported issues related to batch processing affecting normal operations.,Job scheduler crash,Restarted scheduler and re-ran failed jobs,Resolved,Batch Ops
INC100689,28-10-2024,P3,Batch Processing,Application,Batch Processing issue reported by users,Multiple users reported issues related to batch processing affecting normal operations.,Job scheduler crash,Restarted scheduler and re-ran failed jobs,Resolved,Batch Ops
INC100690,12-01-2025,P2,Customer API,Application,Customer API issue reported by users,Multiple users reported issues related to customer api affecting normal operations.,Connection pool exhaustion,Increased pool size and optimized queries,Closed,App Support
INC100691,08-01-2024,P1,VPN Gateway,Network,VPN Gateway issue reported by users,Multiple users reported issues related to vpn gateway affecting normal operations.,Expired VPN certificate,Renewed certificate and restarted gateway,Resolved,Network Ops
INC100692,31-10-2024,P4,Monitoring Tool,Infra,Monitoring Tool issue reported by users,Multiple users reported issues related to monitoring tool affecting normal operations.,Incorrect alert threshold,Updated threshold configuration,Resolved,Infra Monitoring
INC100693,10-05-2024,P1,Email Service,Application,Email Service issue reported by users,Multiple users reported issues related to email service affecting normal operations.,SMTP relay memory leak,Restarted SMTP service and applied memory patch,Resolved,Messaging Team
INC100694,30-05-2024,P2,Database Cluster,Database,Database Cluster issue reported by users,Multiple users reported issues related to database cluster affecting normal operations.,Primary node failover issue,Triggered manual failover and stabilized cluster,Closed,DBA Team
INC100695,27-04-2024,P4,Customer API,Application,Customer API issue reported by users,Multiple users reported issues related to customer api affecting normal operations.,Connection pool exhaustion,Increased pool size and optimized queries,Resolved,App Support
INC100696,04-08-2024,P3,Email Service,Application,Email Service issue reported by users,Multiple users reported issues related to email service affecting normal operations.,SMTP relay memory leak,Restarted SMTP service and applied memory patch,Closed,Messaging Team
INC100697,26-09-2024,P1,Batch Processing,Application,Batch Processing issue reported by users,Multiple users reported issues related to batch processing affecting normal operations.,Job scheduler crash,Restarted scheduler and re-ran failed jobs,Resolved,Batch Ops
INC100698,18-07-2024,P1,Batch Processing,Application,Batch Processing issue reported by users,Multiple users reported issues related to batch processing affecting normal operations.,Job scheduler crash,Restarted scheduler and re-ran failed jobs,Closed,Batch Ops
INC100699,04-01-2024,P4,Authentication Service,Security,Authentication Service issue reported by users,Multiple users reported issues related to authentication service affecting normal operations.,Token service timeout,Restarted auth service and fixed timeout config,Closed,IAM Team
INC100700,01-09-2024,P1,Batch Processing,Application,Batch Processing issue reported by users,Multiple users reported issues related to batch processing affecting normal operations.,Job scheduler crash,Restarted scheduler and re-ran failed jobs,Closed,Batch Ops
INC100701,11-12-2024,P4,Email Service,Application,Email Service issue reported by users,Multiple users reported issues related to email service affecting normal operations.,SMTP relay memory leak,Restarted SMTP service and applied memory patch,Resolved,Messaging Team
INC100702,06-11-2024,P4,Database Cluster,Database,Database Cluster issue reported by users,Multiple users reported issues related to database cluster affecting normal operations.,Primary node failover issue,Triggered manual failover and stabilized cluster,Resolved,DBA Team
INC100703,13-07-2024,P3,Authentication Service,Security,Authentication Service issue reported by users,Multiple users reported issues related to authentication service affecting normal operations.,Token service timeout,Restarted auth service and fixed timeout config,Closed,IAM Team
INC100704,03-04-2024,P3,Batch Processing,Application,Batch Processing issue reported by users,Multiple users reported issues related to batch processing affecting normal operations.,Job scheduler crash,Restarted scheduler and re-ran failed jobs,Closed,Batch Ops
INC100705,21-03-2024,P1,VPN Gateway,Network,VPN Gateway issue reported by users,Multiple users reported issues related to vpn gateway affecting normal operations.,Expired VPN certificate,Renewed certificate and restarted gateway,Resolved,Network Ops
INC100706,14-09-2024,P4,Database Cluster,Database,Database Cluster issue reported by users,Multiple users reported issues related to database cluster affecting normal operations.,Primary node failover issue,Triggered manual failover and stabilized cluster,Resolved,DBA Team
INC100707,03-03-2024,P4,VPN Gateway,Network,VPN Gateway issue reported by users,Multiple users reported issues related to vpn gateway affecting normal operations.,Expired VPN certificate,Renewed certificate and restarted gateway,Closed,Network Ops
INC100708,23-12-2024,P2,Kubernetes Platform,Infra,Kubernetes Platform issue reported by users,Multiple users reported issues related to kubernetes platform affecting normal operations.,Pod memory limit breach,Increased memory limits and redeployed pods,Resolved,Cloud Ops
INC100709,13-07-2024,P2,Database Cluster,Database,Database Cluster issue reported by users,Multiple users reported issues related to database cluster affecting normal operations.,Primary node failover issue,Triggered manual failover and stabilized cluster,Resolved,DBA Team
INC100710,05-12-2024,P2,Monitoring Tool,Infra,Monitoring Tool issue reported by users,Multiple users reported issues related to monitoring tool affecting normal operations.,Incorrect alert threshold,Updated threshold configuration,Closed,Infra Monitoring
INC100711,04-07-2024,P3,Kubernetes Platform,Infra,Kubernetes Platform issue reported by users,Multiple users reported issues related to kubernetes platform affecting normal operations.,Pod memory limit breach,Increased memory limits and redeployed pods,Resolved,Cloud Ops
INC100712,04-02-2024,P4,Authentication Service,Security,Authentication Service issue reported by users,Multiple users reported issues related to authentication service affecting normal operations.,Token service timeout,Restarted auth service and fixed timeout config,Resolved,IAM Team
INC100713,20-11-2024,P2,Email Service,Application,Email Service issue reported by users,Multiple users reported issues related to email service affecting normal operations.,SMTP relay memory leak,Restarted SMTP service and applied memory patch,Closed,Messaging Team
INC100714,05-06-2024,P3,Kubernetes Platform,Infra,Kubernetes Platform issue reported by users,Multiple users reported issues related to kubernetes platform affecting normal operations.,Pod memory limit breach,Increased memory limits and redeployed pods,Closed,Cloud Ops
INC100715,18-01-2024,P4,Batch Processing,Application,Batch Processing issue reported by users,Multiple users reported issues related to batch processing affecting normal operations.,Job scheduler crash,Restarted scheduler and re-ran failed jobs,Resolved,Batch Ops
INC100716,08-01-2025,P3,Monitoring Tool,Infra,Monitoring Tool issue reported by users,Multiple users reported issues related to monitoring tool affecting normal operations.,Incorrect alert threshold,Updated threshold configuration,Resolved,Infra Monitoring
INC100717,07-03-2024,P4,Monitoring Tool,Infra,Monitoring Tool issue reported by users,Multiple users reported issues related to monitoring tool affecting normal operations.,Incorrect alert threshold,Updated threshold configuration,Resolved,Infra Monitoring
INC100718,08-05-2024,P4,VPN Gateway,Network,VPN Gateway issue reported by users,Multiple users reported issues related to vpn gateway affecting normal operations.,Expired VPN certificate,Renewed certificate and restarted gateway,Resolved,Network Ops
INC100719,18-05-2024,P1,VPN Gateway,Network,VPN Gateway issue reported by users,Multiple users reported issues related to vpn gateway affecting normal operations.,Expired VPN certificate,Renewed certificate and restarted gateway,Closed,Network Ops
INC100720,18-04-2024,P2,Monitoring Tool,Infra,Monitoring Tool issue reported by users,Multiple users reported issues related to monitoring tool affecting normal operations.,Incorrect alert threshold,Updated threshold configuration,Resolved,Infra Monitoring
INC100721,21-03-2024,P4,Batch Processing,Application,Batch Processing issue reported by users,Multiple users reported issues related to batch processing affecting normal operations.,Job scheduler crash,Restarted scheduler and re-ran failed jobs,Closed,Batch Ops
INC100722,31-05-2024,P4,VPN Gateway,Network,VPN Gateway issue reported by users,Multiple users reported issues related to vpn gateway affecting normal operations.,Expired VPN certificate,Renewed certificate and restarted gateway,Closed,Network Ops
INC100723,13-09-2024,P2,Email Service,Application,Email Service issue reported by users,Multiple users reported issues related to email service affecting normal operations.,SMTP relay memory leak,Restarted SMTP service and applied memory patch,Closed,Messaging Team
INC100724,10-11-2024,P1,VPN Gateway,Network,VPN Gateway issue reported by users,Multiple users reported issues related to vpn gateway affecting normal operations.,Expired VPN certificate,Renewed certificate and restarted gateway,Resolved,Network Ops
INC100725,13-03-2024,P4,Database Cluster,Database,Database Cluster issue reported by users,Multiple users reported issues related to database cluster affecting normal operations.,Primary node failover issue,Triggered manual failover and stabilized cluster,Closed,DBA Team
INC100726,20-01-2025,P4,Customer API,Application,Customer API issue reported by users,Multiple users reported issues related to customer api affecting normal operations.,Connection pool exhaustion,Increased pool size and optimized queries,Resolved,App Support
INC100727,06-06-2024,P2,Authentication Service,Security,Authentication Service issue reported by users,Multiple users reported issues related to authentication service affecting normal operations.,Token service timeout,Restarted auth service and fixed timeout config,Closed,IAM Team
INC100728,24-09-2024,P2,Customer API,Application,Customer API issue reported by users,Multiple users reported issues related to customer api affecting normal operations.,Connection pool exhaustion,Increased pool size and optimized queries,Resolved,App Support
INC100729,06-06-2024,P2,Monitoring Tool,Infra,Monitoring Tool issue reported by users,Multiple users reported issues related to monitoring tool affecting normal operations.,Incorrect alert threshold,Updated threshold configuration,Closed,Infra Monitoring
INC100730,28-05-2024,P3,Authentication Service,Security,Authentication Service issue reported by users,Multiple users reported issues related to authentication service affecting normal operations.,Token service timeout,Restarted auth service and fixed timeout config,Closed,IAM Team
INC100731,03-10-2024,P3,Batch Processing,Application,Batch Processing issue reported by users,Multiple users reported issues related to batch processing affecting normal operations.,Job scheduler crash,Restarted scheduler and re-ran failed jobs,Resolved,Batch Ops
INC100732,25-04-2024,P3,Database Cluster,Database,Database Cluster issue reported by users,Multiple users reported issues related to database cluster affecting normal operations.,Primary node failover issue,Triggered manual failover and stabilized cluster,Resolved,DBA Team
INC100733,26-09-2024,P4,Monitoring Tool,Infra,Monitoring Tool issue reported by users,Multiple users reported issues related to monitoring tool affecting normal operations.,Incorrect alert threshold,Updated threshold configuration,Resolved,Infra Monitoring
INC100734,04-02-2025,P2,Email Service,Application,Email Service issue reported by users,Multiple users reported issues related to email service affecting normal operations.,SMTP relay memory leak,Restarted SMTP service and applied memory patch,Closed,Messaging Team
INC100735,02-11-2024,P1,Monitoring Tool,Infra,Monitoring Tool issue reported by users,Multiple users reported issues related to monitoring tool affecting normal operations.,Incorrect alert threshold,Updated threshold configuration,Closed,Infra Monitoring
INC100736,09-08-2024,P4,Email Service,Application,Email Service issue reported by users,Multiple users reported issues related to email service affecting normal operations.,SMTP relay memory leak,Restarted SMTP service and applied memory patch,Closed,Messaging Team
INC100737,15-01-2025,P1,Kubernetes Platform,Infra,Kubernetes Platform issue reported by users,Multiple users reported issues related to kubernetes platform affecting normal operations.,Pod memory limit breach,Increased memory limits and redeployed pods,Resolved,Cloud Ops
INC100738,03-12-2024,P2,Authentication Service,Security,Authentication Service issue reported by users,Multiple users reported issues related to authentication service affecting normal operations.,Token service timeout,Restarted auth service and fixed timeout config,Resolved,IAM Team
INC100739,05-01-2024,P4,Monitoring Tool,Infra,Monitoring Tool issue reported by users,Multiple users reported issues related to monitoring tool affecting normal operations.,Incorrect alert threshold,Updated threshold configuration,Closed,Infra Monitoring
INC100740,09-10-2024,P2,Batch Processing,Application,Batch Processing issue reported by users,Multiple users reported issues related to batch processing affecting normal operations.,Job scheduler crash,Restarted scheduler and re-ran failed jobs,Resolved,Batch Ops
INC100741,14-05-2024,P3,Customer API,Application,Customer API issue reported by users,Multiple users reported issues related to customer api affecting normal operations.,Connection pool exhaustion,Increased pool size and optimized queries,Resolved,App Support
INC100742,14-04-2024,P3,Customer API,Application,Customer API issue reported by users,Multiple users reported issues related to customer api affecting normal operations.,Connection pool exhaustion,Increased pool size and optimized queries,Resolved,App Support
INC100743,12-10-2024,P4,Batch Processing,Application,Batch Processing issue reported by users,Multiple users reported issues related to batch processing affecting normal operations.,Job scheduler crash,Restarted scheduler and re-ran failed jobs,Resolved,Batch Ops
INC100744,17-09-2024,P2,Customer API,Application,Customer API issue reported by users,Multiple users reported issues related to customer api affecting normal operations.,Connection pool exhaustion,Increased pool size and optimized queries,Closed,App Support
INC100745,28-05-2024,P4,Batch Processing,Application,Batch Processing issue reported by users,Multiple users reported issues related to batch processing affecting normal operations.,Job scheduler crash,Restarted scheduler and re-ran failed jobs,Resolved,Batch Ops
INC100746,27-07-2024,P4,Database Cluster,Database,Database Cluster issue reported by users,Multiple users reported issues related to database cluster affecting normal operations.,Primary node failover issue,Triggered manual failover and stabilized cluster,Closed,DBA Team
INC100747,11-04-2024,P2,Customer API,Application,Customer API issue reported by users,Multiple users reported issues related to customer api affecting normal operations.,Connection pool exhaustion,Increased pool size and optimized queries,Resolved,App Support
INC100748,19-12-2024,P4,Monitoring Tool,Infra,Monitoring Tool issue reported by users,Multiple users reported issues related to monitoring tool affecting normal operations.,Incorrect alert threshold,Updated threshold configuration,Resolved,Infra Monitoring
INC100749,01-11-2024,P1,Authentication Service,Security,Authentication Service issue reported by users,Multiple users reported issues related to authentication service affecting normal operations.,Token service timeout,Restarted auth service and fixed timeout config,Closed,IAM Team
INC100750,02-08-2024,P2,Kubernetes Platform,Infra,Kubernetes Platform issue reported by users,Multiple users reported issues related to kubernetes platform affecting normal operations.,Pod memory limit breach,Increased memory limits and redeployed pods,Resolved,Cloud Ops
INC100751,03-09-2024,P3,Authentication Service,Security,Authentication Service issue reported by users,Multiple users reported issues related to authentication service affecting normal operations.,Token service timeout,Restarted auth service and fixed timeout config,Closed,IAM Team
INC100752,17-07-2024,P4,Kubernetes Platform,Infra,Kubernetes Platform issue reported by users,Multiple users reported issues related to kubernetes platform affecting normal operations.,Pod memory limit breach,Increased memory limits and redeployed pods,Closed,Cloud Ops
INC100753,16-01-2024,P4,VPN Gateway,Network,VPN Gateway issue reported by users,Multiple users reported issues related to vpn gateway affecting normal operations.,Expired VPN certificate,Renewed certificate and restarted gateway,Resolved,Network Ops
INC100754,09-04-2024,P1,Email Service,Application,Email Service issue reported by users,Multiple users reported issues related to email service affecting normal operations.,SMTP relay memory leak,Restarted SMTP service and applied memory patch,Resolved,Messaging Team
INC100755,28-04-2024,P3,VPN Gateway,Network,VPN Gateway issue reported by users,Multiple users reported issues related to vpn gateway affecting normal operations.,Expired VPN certificate,Renewed certificate and restarted gateway,Resolved,Network Ops
INC100756,16-01-2025,P1,Monitoring Tool,Infra,Monitoring Tool issue reported by users,Multiple users reported issues related to monitoring tool affecting normal operations.,Incorrect alert threshold,Updated threshold configuration,Closed,Infra Monitoring
INC100757,22-10-2024,P2,Customer API,Application,Customer API issue reported by users,Multiple users reported issues related to customer api affecting normal operations.,Connection pool exhaustion,Increased pool size and optimized queries,Resolved,App Support
INC100758,18-01-2025,P4,Batch Processing,Application,Batch Processing issue reported by users,Multiple users reported issues related to batch processing affecting normal operations.,Job scheduler crash,Restarted scheduler and re-ran failed jobs,Closed,Batch Ops
INC100759,30-08-2024,P3,Monitoring Tool,Infra,Monitoring Tool issue reported by users,Multiple users reported issues related to monitoring tool affecting normal operations.,Incorrect alert threshold,Updated threshold configuration,Closed,Infra Monitoring
INC100760,04-05-2024,P2,Authentication Service,Security,Authentication Service issue reported by users,Multiple users reported issues related to authentication service affecting normal operations.,Token service timeout,Restarted auth service and fixed timeout config,Resolved,IAM Team
INC100761,15-10-2024,P4,Batch Processing,Application,Batch Processing issue reported by users,Multiple users reported issues related to batch processing affecting normal operations.,Job scheduler crash,Restarted scheduler and re-ran failed jobs,Resolved,Batch Ops
INC100762,06-03-2024,P3,Customer API,Application,Customer API issue reported by users,Multiple users reported issues related to customer api affecting normal operations.,Connection pool exhaustion,Increased pool size and optimized queries,Resolved,App Support
INC100763,02-02-2025,P4,Email Service,Application,Email Service issue reported by users,Multiple users reported issues related to email service affecting normal operations.,SMTP relay memory leak,Restarted SMTP service and applied memory patch,Closed,Messaging Team
INC100764,06-12-2024,P4,VPN Gateway,Network,VPN Gateway issue reported by users,Multiple users reported issues related to vpn gateway affecting normal operations.,Expired VPN certificate,Renewed certificate and restarted gateway,Resolved,Network Ops
INC100765,16-04-2024,P4,Monitoring Tool,Infra,Monitoring Tool issue reported by users,Multiple users reported issues related to monitoring tool affecting normal operations.,Incorrect alert threshold,Updated threshold configuration,Resolved,Infra Monitoring
INC100766,15-03-2024,P2,Batch Processing,Application,Batch Processing issue reported by users,Multiple users reported issues related to batch processing affecting normal operations.,Job scheduler crash,Restarted scheduler and re-ran failed jobs,Resolved,Batch Ops
INC100767,12-12-2024,P3,Kubernetes Platform,Infra,Kubernetes Platform issue reported by users,Multiple users reported issues related to kubernetes platform affecting normal operations.,Pod memory limit breach,Increased memory limits and redeployed pods,Resolved,Cloud Ops
INC100768,14-08-2024,P3,Email Service,Application,Email Service issue reported by users,Multiple users reported issues related to email service affecting normal operations.,SMTP relay memory leak,Restarted SMTP service and applied memory patch,Closed,Messaging Team
INC100769,15-11-2024,P3,Customer API,Application,Customer API issue reported by users,Multiple users reported issues related to customer api affecting normal operations.,Connection pool exhaustion,Increased pool size and optimized queries,Closed,App Support
INC100770,02-12-2024,P1,VPN Gateway,Network,VPN Gateway issue reported by users,Multiple users reported issues related to vpn gateway affecting normal operations.,Expired VPN certificate,Renewed certificate and restarted gateway,Resolved,Network Ops
INC100771,25-09-2024,P2,Customer API,Application,Customer API issue reported by users,Multiple users reported issues related to customer api affecting normal operations.,Connection pool exhaustion,Increased pool size and optimized queries,Closed,App Support
INC100772,25-11-2024,P4,Authentication Service,Security,Authentication Service issue reported by users,Multiple users reported issues related to authentication service affecting normal operations.,Token service timeout,Restarted auth service and fixed timeout config,Resolved,IAM Team
INC100773,12-01-2025,P2,Monitoring Tool,Infra,Monitoring Tool issue reported by users,Multiple users reported issues related to monitoring tool affecting normal operations.,Incorrect alert threshold,Updated threshold configuration,Resolved,Infra Monitoring
INC100774,24-01-2025,P3,Authentication Service,Security,Authentication Service issue reported by users,Multiple users reported issues related to authentication service affecting normal operations.,Token service timeout,Restarted auth service and fixed timeout config,Resolved,IAM Team
INC100775,26-06-2024,P4,Authentication Service,Security,Authentication Service issue reported by users,Multiple users reported issues related to authentication service affecting normal operations.,Token service timeout,Restarted auth service and fixed timeout config,Closed,IAM Team
INC100776,24-10-2024,P2,Batch Processing,Application,Batch Processing issue reported by users,Multiple users reported issues related to batch processing affecting normal operations.,Job scheduler crash,Restarted scheduler and re-ran failed jobs,Closed,Batch Ops
INC100777,28-05-2024,P2,Authentication Service,Security,Authentication Service issue reported by users,Multiple users reported issues related to authentication service affecting normal operations.,Token service timeout,Restarted auth service and fixed timeout config,Closed,IAM Team
INC100778,19-10-2024,P2,Monitoring Tool,Infra,Monitoring Tool issue reported by users,Multiple users reported issues related to monitoring tool affecting normal operations.,Incorrect alert threshold,Updated threshold configuration,Closed,Infra Monitoring
INC100779,24-09-2024,P3,Kubernetes Platform,Infra,Kubernetes Platform issue reported by users,Multiple users reported issues related to kubernetes platform affecting normal operations.,Pod memory limit breach,Increased memory limits and redeployed pods,Resolved,Cloud Ops
INC100780,12-08-2024,P3,Kubernetes Platform,Infra,Kubernetes Platform issue reported by users,Multiple users reported issues related to kubernetes platform affecting normal operations.,Pod memory limit breach,Increased memory limits and redeployed pods,Closed,Cloud Ops
INC100781,24-10-2024,P4,Monitoring Tool,Infra,Monitoring Tool issue reported by users,Multiple users reported issues related to monitoring tool affecting normal operations.,Incorrect alert threshold,Updated threshold configuration,Closed,Infra Monitoring
INC100782,22-02-2024,P4,VPN Gateway,Network,VPN Gateway issue reported by users,Multiple users reported issues related to vpn gateway affecting normal operations.,Expired VPN certificate,Renewed certificate and restarted gateway,Resolved,Network Ops
INC100783,16-01-2025,P4,VPN Gateway,Network,VPN Gateway issue reported by users,Multiple users reported issues related to vpn gateway affecting normal operations.,Expired VPN certificate,Renewed certificate and restarted gateway,Closed,Network Ops
INC100784,12-12-2024,P1,VPN Gateway,Network,VPN Gateway issue reported by users,Multiple users reported issues related to vpn gateway affecting normal operations.,Expired VPN certificate,Renewed certificate and restarted gateway,Resolved,Network Ops
INC100785,20-11-2024,P1,Database Cluster,Database,Database Cluster issue reported by users,Multiple users reported issues related to database cluster affecting normal operations.,Primary node failover issue,Triggered manual failover and stabilized cluster,Resolved,DBA Team
INC100786,13-02-2024,P1,Monitoring Tool,Infra,Monitoring Tool issue reported by users,Multiple users reported issues related to monitoring tool affecting normal operations.,Incorrect alert threshold,Updated threshold configuration,Resolved,Infra Monitoring
INC100787,26-03-2024,P1,Database Cluster,Database,Database Cluster issue reported by users,Multiple users reported issues related to database cluster affecting normal operations.,Primary node failover issue,Triggered manual failover and stabilized cluster,Resolved,DBA Team
INC100788,04-03-2024,P2,Email Service,Application,Email Service issue reported by users,Multiple users reported issues related to email service affecting normal operations.,SMTP relay memory leak,Restarted SMTP service and applied memory patch,Resolved,Messaging Team
INC100789,09-10-2024,P4,Batch Processing,Application,Batch Processing issue reported by users,Multiple users reported issues related to batch processing affecting normal operations.,Job scheduler crash,Restarted scheduler and re-ran failed jobs,Closed,Batch Ops
INC100790,21-02-2024,P2,VPN Gateway,Network,VPN Gateway issue reported by users,Multiple users reported issues related to vpn gateway affecting normal operations.,Expired VPN certificate,Renewed certificate and restarted gateway,Closed,Network Ops
INC100791,11-11-2024,P4,Email Service,Application,Email Service issue reported by users,Multiple users reported issues related to email service affecting normal operations.,SMTP relay memory leak,Restarted SMTP service and applied memory patch,Closed,Messaging Team
INC100792,28-12-2024,P2,Database Cluster,Database,Database Cluster issue reported by users,Multiple users reported issues related to database cluster affecting normal operations.,Primary node failover issue,Triggered manual failover and stabilized cluster,Closed,DBA Team
INC100793,20-01-2024,P1,VPN Gateway,Network,VPN Gateway issue reported by users,Multiple users reported issues related to vpn gateway affecting normal operations.,Expired VPN certificate,Renewed certificate and restarted gateway,Resolved,Network Ops
INC100794,19-09-2024,P3,Authentication Service,Security,Authentication Service issue reported by users,Multiple users reported issues related to authentication service affecting normal operations.,Token service timeout,Restarted auth service and fixed timeout config,Resolved,IAM Team
INC100795,12-06-2024,P4,Kubernetes Platform,Infra,Kubernetes Platform issue reported by users,Multiple users reported issues related to kubernetes platform affecting normal operations.,Pod memory limit breach,Increased memory limits and redeployed pods,Resolved,Cloud Ops
INC100796,19-05-2024,P3,VPN Gateway,Network,VPN Gateway issue reported by users,Multiple users reported issues related to vpn gateway affecting normal operations.,Expired VPN certificate,Renewed certificate and restarted gateway,Closed,Network Ops
INC100797,24-01-2025,P3,Authentication Service,Security,Authentication Service issue reported by users,Multiple users reported issues related to authentication service affecting normal operations.,Token service timeout,Restarted auth service and fixed timeout config,Resolved,IAM Team
INC100798,20-04-2024,P1,Authentication Service,Security,Authentication Service issue reported by users,Multiple users reported issues related to authentication service affecting normal operations.,Token service timeout,Restarted auth service and fixed timeout config,Closed,IAM Team
INC100799,20-03-2024,P1,VPN Gateway,Network,VPN Gateway issue reported by users,Multiple users reported issues related to vpn gateway affecting normal operations.,Expired VPN certificate,Renewed certificate and restarted gateway,Closed,Network Ops
INC100800,27-10-2024,P4,Monitoring Tool,Infra,Monitoring Tool issue reported by users,Multiple users reported issues related to monitoring tool affecting normal operations.,Incorrect alert threshold,Updated threshold configuration,Closed,Infra Monitoring
INC100801,08-03-2024,P4,Database Cluster,Database,Database Cluster issue reported by users,Multiple users reported issues related to database cluster affecting normal operations.,Primary node failover issue,Triggered manual failover and stabilized cluster,Resolved,DBA Team
INC100802,23-05-2024,P3,Batch Processing,Application,Batch Processing issue reported by users,Multiple users reported issues related to batch processing affecting normal operations.,Job scheduler crash,Restarted scheduler and re-ran failed jobs,Resolved,Batch Ops
INC100803,29-02-2024,P2,Batch Processing,Application,Batch Processing issue reported by users,Multiple users reported issues related to batch processing affecting normal operations.,Job scheduler crash,Restarted scheduler and re-ran failed jobs,Closed,Batch Ops
INC100804,19-01-2025,P3,Database Cluster,Database,Database Cluster issue reported by users,Multiple users reported issues related to database cluster affecting normal operations.,Primary node failover issue,Triggered manual failover and stabilized cluster,Closed,DBA Team
INC100805,19-01-2024,P3,Customer API,Application,Customer API issue reported by users,Multiple users reported issues related to customer api affecting normal operations.,Connection pool exhaustion,Increased pool size and optimized queries,Resolved,App Support
INC100806,20-10-2024,P1,Customer API,Application,Customer API issue reported by users,Multiple users reported issues related to customer api affecting normal operations.,Connection pool exhaustion,Increased pool size and optimized queries,Closed,App Support
INC100807,07-05-2024,P3,Database Cluster,Database,Database Cluster issue reported by users,Multiple users reported issues related to database cluster affecting normal operations.,Primary node failover issue,Triggered manual failover and stabilized cluster,Closed,DBA Team
INC100808,23-03-2024,P1,VPN Gateway,Network,VPN Gateway issue reported by users,Multiple users reported issues related to vpn gateway affecting normal operations.,Expired VPN certificate,Renewed certificate and restarted gateway,Resolved,Network Ops
INC100809,29-01-2024,P3,Kubernetes Platform,Infra,Kubernetes Platform issue reported by users,Multiple users reported issues related to kubernetes platform affecting normal operations.,Pod memory limit breach,Increased memory limits and redeployed pods,Resolved,Cloud Ops
INC100810,14-05-2024,P2,VPN Gateway,Network,VPN Gateway issue reported by users,Multiple users reported issues related to vpn gateway affecting normal operations.,Expired VPN certificate,Renewed certificate and restarted gateway,Resolved,Network Ops
INC100811,28-06-2024,P3,Database Cluster,Database,Database Cluster issue reported by users,Multiple users reported issues related to database cluster affecting normal operations.,Primary node failover issue,Triggered manual failover and stabilized cluster,Resolved,DBA Team
INC100812,19-01-2024,P3,Customer API,Application,Customer API issue reported by users,Multiple users reported issues related to customer api affecting normal operations.,Connection pool exhaustion,Increased pool size and optimized queries,Resolved,App Support
INC100813,04-12-2024,P1,Database Cluster,Database,Database Cluster issue reported by users,Multiple users reported issues related to database cluster affecting normal operations.,Primary node failover issue,Triggered manual failover and stabilized cluster,Resolved,DBA Team
INC100814,25-01-2025,P2,Kubernetes Platform,Infra,Kubernetes Platform issue reported by users,Multiple users reported issues related to kubernetes platform affecting normal operations.,Pod memory limit breach,Increased memory limits and redeployed pods,Resolved,Cloud Ops
INC100815,20-08-2024,P1,Kubernetes Platform,Infra,Kubernetes Platform issue reported by users,Multiple users reported issues related to kubernetes platform affecting normal operations.,Pod memory limit breach,Increased memory limits and redeployed pods,Closed,Cloud Ops
INC100816,07-01-2025,P1,Authentication Service,Security,Authentication Service issue reported by users,Multiple users reported issues related to authentication service affecting normal operations.,Token service timeout,Restarted auth service and fixed timeout config,Closed,IAM Team
INC100817,13-12-2024,P3,Monitoring Tool,Infra,Monitoring Tool issue reported by users,Multiple users reported issues related to monitoring tool affecting normal operations.,Incorrect alert threshold,Updated threshold configuration,Closed,Infra Monitoring
INC100818,27-01-2024,P1,Authentication Service,Security,Authentication Service issue reported by users,Multiple users reported issues related to authentication service affecting normal operations.,Token service timeout,Restarted auth service and fixed timeout config,Closed,IAM Team
INC100819,09-09-2024,P4,Monitoring Tool,Infra,Monitoring Tool issue reported by users,Multiple users reported issues related to monitoring tool affecting normal operations.,Incorrect alert threshold,Updated threshold configuration,Closed,Infra Monitoring
INC100820,23-04-2024,P3,Email Service,Application,Email Service issue reported by users,Multiple users reported issues related to email service affecting normal operations.,SMTP relay memory leak,Restarted SMTP service and applied memory patch,Resolved,Messaging Team
INC100821,01-11-2024,P3,Batch Processing,Application,Batch Processing issue reported by users,Multiple users reported issues related to batch processing affecting normal operations.,Job scheduler crash,Restarted scheduler and re-ran failed jobs,Closed,Batch Ops
INC100822,10-01-2024,P4,Database Cluster,Database,Database Cluster issue reported by users,Multiple users reported issues related to database cluster affecting normal operations.,Primary node failover issue,Triggered manual failover and stabilized cluster,Closed,DBA Team
INC100823,05-01-2024,P1,Kubernetes Platform,Infra,Kubernetes Platform issue reported by users,Multiple users reported issues related to kubernetes platform affecting normal operations.,Pod memory limit breach,Increased memory limits and redeployed pods,Resolved,Cloud Ops
INC100824,03-10-2024,P3,Database Cluster,Database,Database Cluster issue reported by users,Multiple users reported issues related to database cluster affecting normal operations.,Primary node failover issue,Triggered manual failover and stabilized cluster,Resolved,DBA Team
INC100825,26-08-2024,P3,Customer API,Application,Customer API issue reported by users,Multiple users reported issues related to customer api affecting normal operations.,Connection pool exhaustion,Increased pool size and optimized queries,Resolved,App Support
INC100826,04-05-2024,P1,Kubernetes Platform,Infra,Kubernetes Platform issue reported by users,Multiple users reported issues related to kubernetes platform affecting normal operations.,Pod memory limit breach,Increased memory limits and redeployed pods,Closed,Cloud Ops
INC100827,26-09-2024,P3,Batch Processing,Application,Batch Processing issue reported by users,Multiple users reported issues related to batch processing affecting normal operations.,Job scheduler crash,Restarted scheduler and re-ran failed jobs,Closed,Batch Ops
INC100828,13-12-2024,P3,Customer API,Application,Customer API issue reported by users,Multiple users reported issues related to customer api affecting normal operations.,Connection pool exhaustion,Increased pool size and optimized queries,Resolved,App Support
INC100829,18-08-2024,P3,Email Service,Application,Email Service issue reported by users,Multiple users reported issues related to email service affecting normal operations.,SMTP relay memory leak,Restarted SMTP service and applied memory patch,Closed,Messaging Team
INC100830,07-01-2025,P4,Database Cluster,Database,Database Cluster issue reported by users,Multiple users reported issues related to database cluster affecting normal operations.,Primary node failover issue,Triggered manual failover and stabilized cluster,Closed,DBA Team
INC100831,06-04-2024,P3,Authentication Service,Security,Authentication Service issue reported by users,Multiple users reported issues related to authentication service affecting normal operations.,Token service timeout,Restarted auth service and fixed timeout config,Closed,IAM Team
INC100832,03-11-2024,P4,Customer API,Application,Customer API issue reported by users,Multiple users reported issues related to customer api affecting normal operations.,Connection pool exhaustion,Increased pool size and optimized queries,Resolved,App Support
INC100833,05-11-2024,P3,Authentication Service,Security,Authentication Service issue reported by users,Multiple users reported issues related to authentication service affecting normal operations.,Token service timeout,Restarted auth service and fixed timeout config,Resolved,IAM Team
INC100834,13-11-2024,P2,Customer API,Application,Customer API issue reported by users,Multiple users reported issues related to customer api affecting normal operations.,Connection pool exhaustion,Increased pool size and optimized queries,Resolved,App Support
INC100835,23-02-2024,P3,VPN Gateway,Network,VPN Gateway issue reported by users,Multiple users reported issues related to vpn gateway affecting normal operations.,Expired VPN certificate,Renewed certificate and restarted gateway,Resolved,Network Ops
INC100836,18-11-2024,P4,Database Cluster,Database,Database Cluster issue reported by users,Multiple users reported issues related to database cluster affecting normal operations.,Primary node failover issue,Triggered manual failover and stabilized cluster,Resolved,DBA Team
INC100837,26-02-2024,P1,Kubernetes Platform,Infra,Kubernetes Platform issue reported by users,Multiple users reported issues related to kubernetes platform affecting normal operations.,Pod memory limit breach,Increased memory limits and redeployed pods,Resolved,Cloud Ops
INC100838,12-05-2024,P3,Authentication Service,Security,Authentication Service issue reported by users,Multiple users reported issues related to authentication service affecting normal operations.,Token service timeout,Restarted auth service and fixed timeout config,Closed,IAM Team
INC100839,29-01-2024,P4,Email Service,Application,Email Service issue reported by users,Multiple users reported issues related to email service affecting normal operations.,SMTP relay memory leak,Restarted SMTP service and applied memory patch,Closed,Messaging Team
INC100840,01-02-2025,P4,Database Cluster,Database,Database Cluster issue reported by users,Multiple users reported issues related to database cluster affecting normal operations.,Primary node failover issue,Triggered manual failover and stabilized cluster,Resolved,DBA Team
INC100841,23-09-2024,P1,Customer API,Application,Customer API issue reported by users,Multiple users reported issues related to customer api affecting normal operations.,Connection pool exhaustion,Increased pool size and optimized queries,Closed,App Support
INC100842,05-08-2024,P2,Batch Processing,Application,Batch Processing issue reported by users,Multiple users reported issues related to batch processing affecting normal operations.,Job scheduler crash,Restarted scheduler and re-ran failed jobs,Closed,Batch Ops
INC100843,06-04-2024,P2,VPN Gateway,Network,VPN Gateway issue reported by users,Multiple users reported issues related to vpn gateway affecting normal operations.,Expired VPN certificate,Renewed certificate and restarted gateway,Resolved,Network Ops
INC100844,03-08-2024,P1,Database Cluster,Database,Database Cluster issue reported by users,Multiple users reported issues related to database cluster affecting normal operations.,Primary node failover issue,Triggered manual failover and stabilized cluster,Resolved,DBA Team
INC100845,24-03-2024,P2,Kubernetes Platform,Infra,Kubernetes Platform issue reported by users,Multiple users reported issues related to kubernetes platform affecting normal operations.,Pod memory limit breach,Increased memory limits and redeployed pods,Closed,Cloud Ops
INC100846,23-04-2024,P1,VPN Gateway,Network,VPN Gateway issue reported by users,Multiple users reported issues related to vpn gateway affecting normal operations.,Expired VPN certificate,Renewed certificate and restarted gateway,Closed,Network Ops
INC100847,05-04-2024,P2,Database Cluster,Database,Database Cluster issue reported by users,Multiple users reported issues related to database cluster affecting normal operations.,Primary node failover issue,Triggered manual failover and stabilized cluster,Resolved,DBA Team
INC100848,19-09-2024,P1,Customer API,Application,Customer API issue reported by users,Multiple users reported issues related to customer api affecting normal operations.,Connection pool exhaustion,Increased pool size and optimized queries,Resolved,App Support
INC100849,26-02-2024,P2,Authentication Service,Security,Authentication Service issue reported by users,Multiple users reported issues related to authentication service affecting normal operations.,Token service timeout,Restarted auth service and fixed timeout config,Resolved,IAM Team
INC100850,30-10-2024,P3,Email Service,Application,Email Service issue reported by users,Multiple users reported issues related to email service affecting normal operations.,SMTP relay memory leak,Restarted SMTP service and applied memory patch,Closed,Messaging Team
INC100851,04-01-2025,P2,Database Cluster,Database,Database Cluster issue reported by users,Multiple users reported issues related to database cluster affecting normal operations.,Primary node failover issue,Triggered manual failover and stabilized cluster,Resolved,DBA Team
INC100852,25-01-2024,P1,Batch Processing,Application,Batch Processing issue reported by users,Multiple users reported issues related to batch processing affecting normal operations.,Job scheduler crash,Restarted scheduler and re-ran failed jobs,Resolved,Batch Ops
INC100853,28-03-2024,P4,Authentication Service,Security,Authentication Service issue reported by users,Multiple users reported issues related to authentication service affecting normal operations.,Token service timeout,Restarted auth service and fixed timeout config,Resolved,IAM Team
INC100854,03-04-2024,P4,Database Cluster,Database,Database Cluster issue reported by users,Multiple users reported issues related to database cluster affecting normal operations.,Primary node failover issue,Triggered manual failover and stabilized cluster,Resolved,DBA Team
INC100855,07-12-2024,P3,Batch Processing,Application,Batch Processing issue reported by users,Multiple users reported issues related to batch processing affecting normal operations.,Job scheduler crash,Restarted scheduler and re-ran failed jobs,Closed,Batch Ops
INC100856,30-11-2024,P4,Kubernetes Platform,Infra,Kubernetes Platform issue reported by users,Multiple users reported issues related to kubernetes platform affecting normal operations.,Pod memory limit breach,Increased memory limits and redeployed pods,Resolved,Cloud Ops
INC100857,07-05-2024,P4,Customer API,Application,Customer API issue reported by users,Multiple users reported issues related to customer api affecting normal operations.,Connection pool exhaustion,Increased pool size and optimized queries,Resolved,App Support
INC100858,03-04-2024,P4,Kubernetes Platform,Infra,Kubernetes Platform issue reported by users,Multiple users reported issues related to kubernetes platform affecting normal operations.,Pod memory limit breach,Increased memory limits and redeployed pods,Resolved,Cloud Ops
INC100859,31-03-2024,P1,Batch Processing,Application,Batch Processing issue reported by users,Multiple users reported issues related to batch processing affecting normal operations.,Job scheduler crash,Restarted scheduler and re-ran failed jobs,Resolved,Batch Ops
INC100860,21-01-2024,P3,Email Service,Application,Email Service issue reported by users,Multiple users reported issues related to email service affecting normal operations.,SMTP relay memory leak,Restarted SMTP service and applied memory patch,Closed,Messaging Team
INC100861,26-12-2024,P4,VPN Gateway,Network,VPN Gateway issue reported by users,Multiple users reported issues related to vpn gateway affecting normal operations.,Expired VPN certificate,Renewed certificate and restarted gateway,Resolved,Network Ops
INC100862,09-08-2024,P2,Monitoring Tool,Infra,Monitoring Tool issue reported by users,Multiple users reported issues related to monitoring tool affecting normal operations.,Incorrect alert threshold,Updated threshold configuration,Resolved,Infra Monitoring
INC100863,13-05-2024,P3,Authentication Service,Security,Authentication Service issue reported by users,Multiple users reported issues related to authentication service affecting normal operations.,Token service timeout,Restarted auth service and fixed timeout config,Closed,IAM Team
INC100864,22-01-2025,P3,Batch Processing,Application,Batch Processing issue reported by users,Multiple users reported issues related to batch processing affecting normal operations.,Job scheduler crash,Restarted scheduler and re-ran failed jobs,Resolved,Batch Ops
INC100865,10-06-2024,P4,Monitoring Tool,Infra,Monitoring Tool issue reported by users,Multiple users reported issues related to monitoring tool affecting normal operations.,Incorrect alert threshold,Updated threshold configuration,Closed,Infra Monitoring
INC100866,24-11-2024,P3,Batch Processing,Application,Batch Processing issue reported by users,Multiple users reported issues related to batch processing affecting normal operations.,Job scheduler crash,Restarted scheduler and re-ran failed jobs,Resolved,Batch Ops
INC100867,30-06-2024,P1,Database Cluster,Database,Database Cluster issue reported by users,Multiple users reported issues related to database cluster affecting normal operations.,Primary node failover issue,Triggered manual failover and stabilized cluster,Closed,DBA Team
INC100868,27-11-2024,P1,Kubernetes Platform,Infra,Kubernetes Platform issue reported by users,Multiple users reported issues related to kubernetes platform affecting normal operations.,Pod memory limit breach,Increased memory limits and redeployed pods,Closed,Cloud Ops
INC100869,24-04-2024,P1,Kubernetes Platform,Infra,Kubernetes Platform issue reported by users,Multiple users reported issues related to kubernetes platform affecting normal operations.,Pod memory limit breach,Increased memory limits and redeployed pods,Resolved,Cloud Ops
INC100870,05-12-2024,P1,VPN Gateway,Network,VPN Gateway issue reported by users,Multiple users reported issues related to vpn gateway affecting normal operations.,Expired VPN certificate,Renewed certificate and restarted gateway,Closed,Network Ops
INC100871,03-10-2024,P2,Monitoring Tool,Infra,Monitoring Tool issue reported by users,Multiple users reported issues related to monitoring tool affecting normal operations.,Incorrect alert threshold,Updated threshold configuration,Closed,Infra Monitoring
INC100872,04-05-2024,P3,Batch Processing,Application,Batch Processing issue reported by users,Multiple users reported issues related to batch processing affecting normal operations.,Job scheduler crash,Restarted scheduler and re-ran failed jobs,Closed,Batch Ops
INC100873,01-08-2024,P3,Monitoring Tool,Infra,Monitoring Tool issue reported by users,Multiple users reported issues related to monitoring tool affecting normal operations.,Incorrect alert threshold,Updated threshold configuration,Resolved,Infra Monitoring
INC100874,14-05-2024,P1,Monitoring Tool,Infra,Monitoring Tool issue reported by users,Multiple users reported issues related to monitoring tool affecting normal operations.,Incorrect alert threshold,Updated threshold configuration,Closed,Infra Monitoring
INC100875,02-01-2025,P2,Customer API,Application,Customer API issue reported by users,Multiple users reported issues related to customer api affecting normal operations.,Connection pool exhaustion,Increased pool size and optimized queries,Resolved,App Support
INC100876,30-01-2024,P4,Batch Processing,Application,Batch Processing issue reported by users,Multiple users reported issues related to batch processing affecting normal operations.,Job scheduler crash,Restarted scheduler and re-ran failed jobs,Closed,Batch Ops
INC100877,15-05-2024,P4,Customer API,Application,Customer API issue reported by users,Multiple users reported issues related to customer api affecting normal operations.,Connection pool exhaustion,Increased pool size and optimized queries,Closed,App Support
INC100878,18-05-2024,P2,Monitoring Tool,Infra,Monitoring Tool issue reported by users,Multiple users reported issues related to monitoring tool affecting normal operations.,Incorrect alert threshold,Updated threshold configuration,Resolved,Infra Monitoring
INC100879,20-01-2025,P3,VPN Gateway,Network,VPN Gateway issue reported by users,Multiple users reported issues related to vpn gateway affecting normal operations.,Expired VPN certificate,Renewed certificate and restarted gateway,Resolved,Network Ops
INC100880,29-07-2024,P2,Email Service,Application,Email Service issue reported by users,Multiple users reported issues related to email service affecting normal operations.,SMTP relay memory leak,Restarted SMTP service and applied memory patch,Resolved,Messaging Team
INC100881,22-08-2024,P1,Customer API,Application,Customer API issue reported by users,Multiple users reported issues related to customer api affecting normal operations.,Connection pool exhaustion,Increased pool size and optimized queries,Closed,App Support
INC100882,07-08-2024,P2,VPN Gateway,Network,VPN Gateway issue reported by users,Multiple users reported issues related to vpn gateway affecting normal operations.,Expired VPN certificate,Renewed certificate and restarted gateway,Resolved,Network Ops
INC100883,18-08-2024,P4,Customer API,Application,Customer API issue reported by users,Multiple users reported issues related to customer api affecting normal operations.,Connection pool exhaustion,Increased pool size and optimized queries,Resolved,App Support
INC100884,24-06-2024,P3,Monitoring Tool,Infra,Monitoring Tool issue reported by users,Multiple users reported issues related to monitoring tool affecting normal operations.,Incorrect alert threshold,Updated threshold configuration,Closed,Infra Monitoring
INC100885,08-12-2024,P1,Batch Processing,Application,Batch Processing issue reported by users,Multiple users reported issues related to batch processing affecting normal operations.,Job scheduler crash,Restarted scheduler and re-ran failed jobs,Closed,Batch Ops
INC100886,11-03-2024,P3,Email Service,Application,Email Service issue reported by users,Multiple users reported issues related to email service affecting normal operations.,SMTP relay memory leak,Restarted SMTP service and applied memory patch,Closed,Messaging Team
INC100887,19-01-2025,P3,Kubernetes Platform,Infra,Kubernetes Platform issue reported by users,Multiple users reported issues related to kubernetes platform affecting normal operations.,Pod memory limit breach,Increased memory limits and redeployed pods,Resolved,Cloud Ops
INC100888,01-05-2024,P3,Email Service,Application,Email Service issue reported by users,Multiple users reported issues related to email service affecting normal operations.,SMTP relay memory leak,Restarted SMTP service and applied memory patch,Resolved,Messaging Team
INC100889,23-10-2024,P4,Email Service,Application,Email Service issue reported by users,Multiple users reported issues related to email service affecting normal operations.,SMTP relay memory leak,Restarted SMTP service and applied memory patch,Closed,Messaging Team
INC100890,24-08-2024,P1,Authentication Service,Security,Authentication Service issue reported by users,Multiple users reported issues related to authentication service affecting normal operations.,Token service timeout,Restarted auth service and fixed timeout config,Closed,IAM Team
INC100891,04-02-2025,P3,Monitoring Tool,Infra,Monitoring Tool issue reported by users,Multiple users reported issues related to monitoring tool affecting normal operations.,Incorrect alert threshold,Updated threshold configuration,Resolved,Infra Monitoring
INC100892,20-03-2024,P3,Email Service,Application,Email Service issue reported by users,Multiple users reported issues related to email service affecting normal operations.,SMTP relay memory leak,Restarted SMTP service and applied memory patch,Closed,Messaging Team
INC100893,02-03-2024,P3,Database Cluster,Database,Database Cluster issue reported by users,Multiple users reported issues related to database cluster affecting normal operations.,Primary node failover issue,Triggered manual failover and stabilized cluster,Closed,DBA Team
INC100894,03-04-2024,P1,Email Service,Application,Email Service issue reported by users,Multiple users reported issues related to email service affecting normal operations.,SMTP relay memory leak,Restarted SMTP service and applied memory patch,Closed,Messaging Team
INC100895,12-07-2024,P3,Authentication Service,Security,Authentication Service issue reported by users,Multiple users reported issues related to authentication service affecting normal operations.,Token service timeout,Restarted auth service and fixed timeout config,Resolved,IAM Team
INC100896,14-04-2024,P3,Email Service,Application,Email Service issue reported by users,Multiple users reported issues related to email service affecting normal operations.,SMTP relay memory leak,Restarted SMTP service and applied memory patch,Closed,Messaging Team
INC100897,20-08-2024,P3,Email Service,Application,Email Service issue reported by users,Multiple users reported issues related to email service affecting normal operations.,SMTP relay memory leak,Restarted SMTP service and applied memory patch,Resolved,Messaging Team
INC100898,03-01-2024,P1,Authentication Service,Security,Authentication Service issue reported by users,Multiple users reported issues related to authentication service affecting normal operations.,Token service timeout,Restarted auth service and fixed timeout config,Closed,IAM Team
INC100899,17-05-2024,P3,Monitoring Tool,Infra,Monitoring Tool issue reported by users,Multiple users reported issues related to monitoring tool affecting normal operations.,Incorrect alert threshold,Updated threshold configuration,Closed,Infra Monitoring
INC100900,27-04-2024,P2,Kubernetes Platform,Infra,Kubernetes Platform issue reported by users,Multiple users reported issues related to kubernetes platform affecting normal operations.,Pod memory limit breach,Increased memory limits and redeployed pods,Resolved,Cloud Ops
INC100901,24-10-2024,P2,Authentication Service,Security,Authentication Service issue reported by users,Multiple users reported issues related to authentication service affecting normal operations.,Token service timeout,Restarted auth service and fixed timeout config,Closed,IAM Team
INC100902,20-06-2024,P3,Monitoring Tool,Infra,Monitoring Tool issue reported by users,Multiple users reported issues related to monitoring tool affecting normal operations.,Incorrect alert threshold,Updated threshold configuration,Resolved,Infra Monitoring
INC100903,18-01-2025,P3,Authentication Service,Security,Authentication Service issue reported by users,Multiple users reported issues related to authentication service affecting normal operations.,Token service timeout,Restarted auth service and fixed timeout config,Closed,IAM Team
INC100904,01-10-2024,P2,Email Service,Application,Email Service issue reported by users,Multiple users reported issues related to email service affecting normal operations.,SMTP relay memory leak,Restarted SMTP service and applied memory patch,Closed,Messaging Team
INC100905,01-06-2024,P3,Email Service,Application,Email Service issue reported by users,Multiple users reported issues related to email service affecting normal operations.,SMTP relay memory leak,Restarted SMTP service and applied memory patch,Closed,Messaging Team
INC100906,02-02-2024,P1,Monitoring Tool,Infra,Monitoring Tool issue reported by users,Multiple users reported issues related to monitoring tool affecting normal operations.,Incorrect alert threshold,Updated threshold configuration,Closed,Infra Monitoring
INC100907,04-12-2024,P4,Database Cluster,Database,Database Cluster issue reported by users,Multiple users reported issues related to database cluster affecting normal operations.,Primary node failover issue,Triggered manual failover and stabilized cluster,Resolved,DBA Team
INC100908,17-03-2024,P4,Kubernetes Platform,Infra,Kubernetes Platform issue reported by users,Multiple users reported issues related to kubernetes platform affecting normal operations.,Pod memory limit breach,Increased memory limits and redeployed pods,Closed,Cloud Ops
INC100909,05-06-2024,P1,Monitoring Tool,Infra,Monitoring Tool issue reported by users,Multiple users reported issues related to monitoring tool affecting normal operations.,Incorrect alert threshold,Updated threshold configuration,Resolved,Infra Monitoring
INC100910,27-10-2024,P1,Kubernetes Platform,Infra,Kubernetes Platform issue reported by users,Multiple users reported issues related to kubernetes platform affecting normal operations.,Pod memory limit breach,Increased memory limits and redeployed pods,Closed,Cloud Ops
INC100911,21-01-2024,P1,Monitoring Tool,Infra,Monitoring Tool issue reported by users,Multiple users reported issues related to monitoring tool affecting normal operations.,Incorrect alert threshold,Updated threshold configuration,Resolved,Infra Monitoring
INC100912,10-06-2024,P2,Authentication Service,Security,Authentication Service issue reported by users,Multiple users reported issues related to authentication service affecting normal operations.,Token service timeout,Restarted auth service and fixed timeout config,Closed,IAM Team
INC100913,15-11-2024,P4,Email Service,Application,Email Service issue reported by users,Multiple users reported issues related to email service affecting normal operations.,SMTP relay memory leak,Restarted SMTP service and applied memory patch,Resolved,Messaging Team
INC100914,03-10-2024,P3,Database Cluster,Database,Database Cluster issue reported by users,Multiple users reported issues related to database cluster affecting normal operations.,Primary node failover issue,Triggered manual failover and stabilized cluster,Closed,DBA Team
INC100915,15-11-2024,P2,Authentication Service,Security,Authentication Service issue reported by users,Multiple users reported issues related to authentication service affecting normal operations.,Token service timeout,Restarted auth service and fixed timeout config,Closed,IAM Team
INC100916,14-04-2024,P4,Authentication Service,Security,Authentication Service issue reported by users,Multiple users reported issues related to authentication service affecting normal operations.,Token service timeout,Restarted auth service and fixed timeout config,Resolved,IAM Team
INC100917,12-11-2024,P3,VPN Gateway,Network,VPN Gateway issue reported by users,Multiple users reported issues related to vpn gateway affecting normal operations.,Expired VPN certificate,Renewed certificate and restarted gateway,Resolved,Network Ops
INC100918,03-05-2024,P4,Batch Processing,Application,Batch Processing issue reported by users,Multiple users reported issues related to batch processing affecting normal operations.,Job scheduler crash,Restarted scheduler and re-ran failed jobs,Closed,Batch Ops
INC100919,15-01-2025,P2,Monitoring Tool,Infra,Monitoring Tool issue reported by users,Multiple users reported issues related to monitoring tool affecting normal operations.,Incorrect alert threshold,Updated threshold configuration,Closed,Infra Monitoring
INC100920,11-10-2024,P4,Customer API,Application,Customer API issue reported by users,Multiple users reported issues related to customer api affecting normal operations.,Connection pool exhaustion,Increased pool size and optimized queries,Closed,App Support
INC100921,16-02-2024,P3,Kubernetes Platform,Infra,Kubernetes Platform issue reported by users,Multiple users reported issues related to kubernetes platform affecting normal operations.,Pod memory limit breach,Increased memory limits and redeployed pods,Closed,Cloud Ops
INC100922,14-05-2024,P2,Kubernetes Platform,Infra,Kubernetes Platform issue reported by users,Multiple users reported issues related to kubernetes platform affecting normal operations.,Pod memory limit breach,Increased memory limits and redeployed pods,Resolved,Cloud Ops
INC100923,31-12-2024,P2,Email Service,Application,Email Service issue reported by users,Multiple users reported issues related to email service affecting normal operations.,SMTP relay memory leak,Restarted SMTP service and applied memory patch,Resolved,Messaging Team
INC100924,05-10-2024,P1,Monitoring Tool,Infra,Monitoring Tool issue reported by users,Multiple users reported issues related to monitoring tool affecting normal operations.,Incorrect alert threshold,Updated threshold configuration,Closed,Infra Monitoring
INC100925,02-06-2024,P1,Database Cluster,Database,Database Cluster issue reported by users,Multiple users reported issues related to database cluster affecting normal operations.,Primary node failover issue,Triggered manual failover and stabilized cluster,Resolved,DBA Team
INC100926,12-06-2024,P1,Customer API,Application,Customer API issue reported by users,Multiple users reported issues related to customer api affecting normal operations.,Connection pool exhaustion,Increased pool size and optimized queries,Resolved,App Support
INC100927,04-09-2024,P3,Database Cluster,Database,Database Cluster issue reported by users,Multiple users reported issues related to database cluster affecting normal operations.,Primary node failover issue,Triggered manual failover and stabilized cluster,Closed,DBA Team
INC100928,01-08-2024,P1,Monitoring Tool,Infra,Monitoring Tool issue reported by users,Multiple users reported issues related to monitoring tool affecting normal operations.,Incorrect alert threshold,Updated threshold configuration,Resolved,Infra Monitoring
INC100929,04-07-2024,P4,Batch Processing,Application,Batch Processing issue reported by users,Multiple users reported issues related to batch processing affecting normal operations.,Job scheduler crash,Restarted scheduler and re-ran failed jobs,Resolved,Batch Ops
INC100930,20-03-2024,P1,Batch Processing,Application,Batch Processing issue reported by users,Multiple users reported issues related to batch processing affecting normal operations.,Job scheduler crash,Restarted scheduler and re-ran failed jobs,Resolved,Batch Ops
INC100931,16-01-2024,P4,Kubernetes Platform,Infra,Kubernetes Platform issue reported by users,Multiple users reported issues related to kubernetes platform affecting normal operations.,Pod memory limit breach,Increased memory limits and redeployed pods,Closed,Cloud Ops
INC100932,10-08-2024,P3,Monitoring Tool,Infra,Monitoring Tool issue reported by users,Multiple users reported issues related to monitoring tool affecting normal operations.,Incorrect alert threshold,Updated threshold configuration,Resolved,Infra Monitoring
INC100933,24-04-2024,P3,Kubernetes Platform,Infra,Kubernetes Platform issue reported by users,Multiple users reported issues related to kubernetes platform affecting normal operations.,Pod memory limit breach,Increased memory limits and redeployed pods,Resolved,Cloud Ops
INC100934,08-04-2024,P4,Batch Processing,Application,Batch Processing issue reported by users,Multiple users reported issues related to batch processing affecting normal operations.,Job scheduler crash,Restarted scheduler and re-ran failed jobs,Resolved,Batch Ops
INC100935,07-07-2024,P2,Batch Processing,Application,Batch Processing issue reported by users,Multiple users reported issues related to batch processing affecting normal operations.,Job scheduler crash,Restarted scheduler and re-ran failed jobs,Resolved,Batch Ops
INC100936,02-03-2024,P4,Kubernetes Platform,Infra,Kubernetes Platform issue reported by users,Multiple users reported issues related to kubernetes platform affecting normal operations.,Pod memory limit breach,Increased memory limits and redeployed pods,Resolved,Cloud Ops
INC100937,13-05-2024,P3,Batch Processing,Application,Batch Processing issue reported by users,Multiple users reported issues related to batch processing affecting normal operations.,Job scheduler crash,Restarted scheduler and re-ran failed jobs,Resolved,Batch Ops
INC100938,29-05-2024,P3,VPN Gateway,Network,VPN Gateway issue reported by users,Multiple users reported issues related to vpn gateway affecting normal operations.,Expired VPN certificate,Renewed certificate and restarted gateway,Closed,Network Ops
INC100939,13-03-2024,P2,Kubernetes Platform,Infra,Kubernetes Platform issue reported by users,Multiple users reported issues related to kubernetes platform affecting normal operations.,Pod memory limit breach,Increased memory limits and redeployed pods,Resolved,Cloud Ops
INC100940,09-05-2024,P1,Kubernetes Platform,Infra,Kubernetes Platform issue reported by users,Multiple users reported issues related to kubernetes platform affecting normal operations.,Pod memory limit breach,Increased memory limits and redeployed pods,Closed,Cloud Ops
INC100941,28-11-2024,P3,Authentication Service,Security,Authentication Service issue reported by users,Multiple users reported issues related to authentication service affecting normal operations.,Token service timeout,Restarted auth service and fixed timeout config,Resolved,IAM Team
INC100942,02-06-2024,P3,Authentication Service,Security,Authentication Service issue reported by users,Multiple users reported issues related to authentication service affecting normal operations.,Token service timeout,Restarted auth service and fixed timeout config,Closed,IAM Team
INC100943,13-11-2024,P4,Database Cluster,Database,Database Cluster issue reported by users,Multiple users reported issues related to database cluster affecting normal operations.,Primary node failover issue,Triggered manual failover and stabilized cluster,Closed,DBA Team
INC100944,03-02-2024,P1,Authentication Service,Security,Authentication Service issue reported by users,Multiple users reported issues related to authentication service affecting normal operations.,Token service timeout,Restarted auth service and fixed timeout config,Resolved,IAM Team
INC100945,26-12-2024,P3,Database Cluster,Database,Database Cluster issue reported by users,Multiple users reported issues related to database cluster affecting normal operations.,Primary node failover issue,Triggered manual failover and stabilized cluster,Resolved,DBA Team
INC100946,17-04-2024,P1,Email Service,Application,Email Service issue reported by users,Multiple users reported issues related to email service affecting normal operations.,SMTP relay memory leak,Restarted SMTP service and applied memory patch,Resolved,Messaging Team
INC100947,10-06-2024,P1,Monitoring Tool,Infra,Monitoring Tool issue reported by users,Multiple users reported issues related to monitoring tool affecting normal operations.,Incorrect alert threshold,Updated threshold configuration,Resolved,Infra Monitoring
INC100948,05-11-2024,P3,VPN Gateway,Network,VPN Gateway issue reported by users,Multiple users reported issues related to vpn gateway affecting normal operations.,Expired VPN certificate,Renewed certificate and restarted gateway,Resolved,Network Ops
INC100949,24-08-2024,P1,Email Service,Application,Email Service issue reported by users,Multiple users reported issues related to email service affecting normal operations.,SMTP relay memory leak,Restarted SMTP service and applied memory patch,Resolved,Messaging Team
INC100950,11-03-2024,P2,Monitoring Tool,Infra,Monitoring Tool issue reported by users,Multiple users reported issues related to monitoring tool affecting normal operations.,Incorrect alert threshold,Updated threshold configuration,Resolved,Infra Monitoring
INC100951,15-03-2024,P1,Monitoring Tool,Infra,Monitoring Tool issue reported by users,Multiple users reported issues related to monitoring tool affecting normal operations.,Incorrect alert threshold,Updated threshold configuration,Closed,Infra Monitoring
INC100952,27-09-2024,P3,Database Cluster,Database,Database Cluster issue reported by users,Multiple users reported issues related to database cluster affecting normal operations.,Primary node failover issue,Triggered manual failover and stabilized cluster,Closed,DBA Team
INC100953,13-07-2024,P2,Batch Processing,Application,Batch Processing issue reported by users,Multiple users reported issues related to batch processing affecting normal operations.,Job scheduler crash,Restarted scheduler and re-ran failed jobs,Resolved,Batch Ops
INC100954,08-09-2024,P4,Database Cluster,Database,Database Cluster issue reported by users,Multiple users reported issues related to database cluster affecting normal operations.,Primary node failover issue,Triggered manual failover and stabilized cluster,Closed,DBA Team
INC100955,16-07-2024,P1,Customer API,Application,Customer API issue reported by users,Multiple users reported issues related to customer api affecting normal operations.,Connection pool exhaustion,Increased pool size and optimized queries,Resolved,App Support
INC100956,19-05-2024,P4,VPN Gateway,Network,VPN Gateway issue reported by users,Multiple users reported issues related to vpn gateway affecting normal operations.,Expired VPN certificate,Renewed certificate and restarted gateway,Resolved,Network Ops
INC100957,26-04-2024,P1,Email Service,Application,Email Service issue reported by users,Multiple users reported issues related to email service affecting normal operations.,SMTP relay memory leak,Restarted SMTP service and applied memory patch,Closed,Messaging Team
INC100958,19-07-2024,P2,VPN Gateway,Network,VPN Gateway issue reported by users,Multiple users reported issues related to vpn gateway affecting normal operations.,Expired VPN certificate,Renewed certificate and restarted gateway,Closed,Network Ops
INC100959,05-07-2024,P2,Email Service,Application,Email Service issue reported by users,Multiple users reported issues related to email service affecting normal operations.,SMTP relay memory leak,Restarted SMTP service and applied memory patch,Resolved,Messaging Team
INC100960,25-01-2025,P1,Batch Processing,Application,Batch Processing issue reported by users,Multiple users reported issues related to batch processing affecting normal operations.,Job scheduler crash,Restarted scheduler and re-ran failed jobs,Closed,Batch Ops
INC100961,04-02-2025,P4,Authentication Service,Security,Authentication Service issue reported by users,Multiple users reported issues related to authentication service affecting normal operations.,Token service timeout,Restarted auth service and fixed timeout config,Closed,IAM Team
INC100962,02-02-2024,P1,Kubernetes Platform,Infra,Kubernetes Platform issue reported by users,Multiple users reported issues related to kubernetes platform affecting normal operations.,Pod memory limit breach,Increased memory limits and redeployed pods,Resolved,Cloud Ops
INC100963,01-02-2025,P2,Email Service,Application,Email Service issue reported by users,Multiple users reported issues related to email service affecting normal operations.,SMTP relay memory leak,Restarted SMTP service and applied memory patch,Closed,Messaging Team
INC100964,13-09-2024,P3,Database Cluster,Database,Database Cluster issue reported by users,Multiple users reported issues related to database cluster affecting normal operations.,Primary node failover issue,Triggered manual failover and stabilized cluster,Closed,DBA Team
INC100965,27-01-2024,P1,Batch Processing,Application,Batch Processing issue reported by users,Multiple users reported issues related to batch processing affecting normal operations.,Job scheduler crash,Restarted scheduler and re-ran failed jobs,Resolved,Batch Ops
INC100966,03-03-2024,P1,Database Cluster,Database,Database Cluster issue reported by users,Multiple users reported issues related to database cluster affecting normal operations.,Primary node failover issue,Triggered manual failover and stabilized cluster,Closed,DBA Team
INC100967,10-05-2024,P2,Authentication Service,Security,Authentication Service issue reported by users,Multiple users reported issues related to authentication service affecting normal operations.,Token service timeout,Restarted auth service and fixed timeout config,Resolved,IAM Team
INC100968,12-09-2024,P3,Kubernetes Platform,Infra,Kubernetes Platform issue reported by users,Multiple users reported issues related to kubernetes platform affecting normal operations.,Pod memory limit breach,Increased memory limits and redeployed pods,Closed,Cloud Ops
INC100969,23-11-2024,P3,Authentication Service,Security,Authentication Service issue reported by users,Multiple users reported issues related to authentication service affecting normal operations.,Token service timeout,Restarted auth service and fixed timeout config,Resolved,IAM Team
INC100970,05-03-2024,P2,VPN Gateway,Network,VPN Gateway issue reported by users,Multiple users reported issues related to vpn gateway affecting normal operations.,Expired VPN certificate,Renewed certificate and restarted gateway,Closed,Network Ops
INC100971,09-01-2024,P4,Batch Processing,Application,Batch Processing issue reported by users,Multiple users reported issues related to batch processing affecting normal operations.,Job scheduler crash,Restarted scheduler and re-ran failed jobs,Resolved,Batch Ops
INC100972,27-12-2024,P4,Batch Processing,Application,Batch Processing issue reported by users,Multiple users reported issues related to batch processing affecting normal operations.,Job scheduler crash,Restarted scheduler and re-ran failed jobs,Closed,Batch Ops
INC100973,30-03-2024,P2,Kubernetes Platform,Infra,Kubernetes Platform issue reported by users,Multiple users reported issues related to kubernetes platform affecting normal operations.,Pod memory limit breach,Increased memory limits and redeployed pods,Resolved,Cloud Ops
INC100974,31-01-2024,P1,Customer API,Application,Customer API issue reported by users,Multiple users reported issues related to customer api affecting normal operations.,Connection pool exhaustion,Increased pool size and optimized queries,Closed,App Support
INC100975,26-09-2024,P2,Batch Processing,Application,Batch Processing issue reported by users,Multiple users reported issues related to batch processing affecting normal operations.,Job scheduler crash,Restarted scheduler and re-ran failed jobs,Resolved,Batch Ops
INC100976,19-08-2024,P1,Email Service,Application,Email Service issue reported by users,Multiple users reported issues related to email service affecting normal operations.,SMTP relay memory leak,Restarted SMTP service and applied memory patch,Closed,Messaging Team
INC100977,01-11-2024,P1,Customer API,Application,Customer API issue reported by users,Multiple users reported issues related to customer api affecting normal operations.,Connection pool exhaustion,Increased pool size and optimized queries,Closed,App Support
INC100978,09-02-2024,P2,Kubernetes Platform,Infra,Kubernetes Platform issue reported by users,Multiple users reported issues related to kubernetes platform affecting normal operations.,Pod memory limit breach,Increased memory limits and redeployed pods,Resolved,Cloud Ops
INC100979,23-01-2025,P4,Kubernetes Platform,Infra,Kubernetes Platform issue reported by users,Multiple users reported issues related to kubernetes platform affecting normal operations.,Pod memory limit breach,Increased memory limits and redeployed pods,Resolved,Cloud Ops
INC100980,03-03-2024,P3,VPN Gateway,Network,VPN Gateway issue reported by users,Multiple users reported issues related to vpn gateway affecting normal operations.,Expired VPN certificate,Renewed certificate and restarted gateway,Resolved,Network Ops
INC100981,07-04-2024,P4,VPN Gateway,Network,VPN Gateway issue reported by users,Multiple users reported issues related to vpn gateway affecting normal operations.,Expired VPN certificate,Renewed certificate and restarted gateway,Closed,Network Ops
INC100982,02-01-2025,P2,Monitoring Tool,Infra,Monitoring Tool issue reported by users,Multiple users reported issues related to monitoring tool affecting normal operations.,Incorrect alert threshold,Updated threshold configuration,Resolved,Infra Monitoring
INC100983,15-02-2024,P1,Customer API,Application,Customer API issue reported by users,Multiple users reported issues related to customer api affecting normal operations.,Connection pool exhaustion,Increased pool size and optimized queries,Resolved,App Support
INC100984,29-11-2024,P4,Database Cluster,Database,Database Cluster issue reported by users,Multiple users reported issues related to database cluster affecting normal operations.,Primary node failover issue,Triggered manual failover and stabilized cluster,Resolved,DBA Team
INC100985,29-11-2024,P3,Customer API,Application,Customer API issue reported by users,Multiple users reported issues related to customer api affecting normal operations.,Connection pool exhaustion,Increased pool size and optimized queries,Closed,App Support
INC100986,11-07-2024,P2,Kubernetes Platform,Infra,Kubernetes Platform issue reported by users,Multiple users reported issues related to kubernetes platform affecting normal operations.,Pod memory limit breach,Increased memory limits and redeployed pods,Resolved,Cloud Ops
INC100987,22-11-2024,P2,Database Cluster,Database,Database Cluster issue reported by users,Multiple users reported issues related to database cluster affecting normal operations.,Primary node failover issue,Triggered manual failover and stabilized cluster,Closed,DBA Team
INC100988,09-01-2024,P4,Database Cluster,Database,Database Cluster issue reported by users,Multiple users reported issues related to database cluster affecting normal operations.,Primary node failover issue,Triggered manual failover and stabilized cluster,Resolved,DBA Team
INC100989,03-11-2024,P3,Batch Processing,Application,Batch Processing issue reported by users,Multiple users reported issues related to batch processing affecting normal operations.,Job scheduler crash,Restarted scheduler and re-ran failed jobs,Resolved,Batch Ops
INC100990,28-12-2024,P3,Batch Processing,Application,Batch Processing issue reported by users,Multiple users reported issues related to batch processing affecting normal operations.,Job scheduler crash,Restarted scheduler and re-ran failed jobs,Resolved,Batch Ops
INC100991,24-02-2024,P2,Monitoring Tool,Infra,Monitoring Tool issue reported by users,Multiple users reported issues related to monitoring tool affecting normal operations.,Incorrect alert threshold,Updated threshold configuration,Resolved,Infra Monitoring
INC100992,12-06-2024,P4,Monitoring Tool,Infra,Monitoring Tool issue reported by users,Multiple users reported issues related to monitoring tool affecting normal operations.,Incorrect alert threshold,Updated threshold configuration,Resolved,Infra Monitoring
INC100993,01-05-2024,P4,Database Cluster,Database,Database Cluster issue reported by users,Multiple users reported issues related to database cluster affecting normal operations.,Primary node failover issue,Triggered manual failover and stabilized cluster,Closed,DBA Team
INC100994,18-04-2024,P1,Database Cluster,Database,Database Cluster issue reported by users,Multiple users reported issues related to database cluster affecting normal operations.,Primary node failover issue,Triggered manual failover and stabilized cluster,Closed,DBA Team
INC100995,16-02-2024,P4,Monitoring Tool,Infra,Monitoring Tool issue reported by users,Multiple users reported issues related to monitoring tool affecting normal operations.,Incorrect alert threshold,Updated threshold configuration,Closed,Infra Monitoring
INC100996,29-09-2024,P3,Monitoring Tool,Infra,Monitoring Tool issue reported by users,Multiple users reported issues related to monitoring tool affecting normal operations.,Incorrect alert threshold,Updated threshold configuration,Resolved,Infra Monitoring
INC100997,27-10-2024,P4,VPN Gateway,Network,VPN Gateway issue reported by users,Multiple users reported issues related to vpn gateway affecting normal operations.,Expired VPN certificate,Renewed certificate and restarted gateway,Resolved,Network Ops
INC100998,02-01-2024,P4,Kubernetes Platform,Infra,Kubernetes Platform issue reported by users,Multiple users reported issues related to kubernetes platform affecting normal operations.,Pod memory limit breach,Increased memory limits and redeployed pods,Resolved,Cloud Ops
INC100999,04-06-2024,P3,Monitoring Tool,Infra,Monitoring Tool issue reported by users,Multiple users reported issues related to monitoring tool affecting normal operations.,Incorrect alert threshold,Updated threshold configuration,Resolved,Infra Monitoring
INC101000,16-12-2024,P2,Kubernetes Platform,Infra,Kubernetes Platform issue reported by users,Multiple users reported issues related to kubernetes platform affecting normal operations.,Pod memory limit breach,Increased memory limits and redeployed pods,Closed,Cloud Ops
